"estimate","se","MCMC %","z value","Pr(>|z|)","term","village","representation","spec"
-3.21911895439144,0.0562216329299964,0,-57.2576566461468,0,"edges","v37","directed_weighted","m1"
-1.46914528981265,0.0234184941154427,0,-62.7344048071761,0,"edges","v40","directed_weighted","m1"
-2.20096289944683,0.0353266691860776,0,-62.3031536840795,0,"edges","v41","directed_weighted","m1"
-3.30838035008494,0.068175519319551,0,-48.5273949227722,0,"edges","v42","directed_weighted","m1"
-2.67303568325368,0.0426029105634724,0,-62.7430297108746,0,"edges","v43","directed_weighted","m1"
-2.77532402170623,0.0460019942179547,0,-60.3305154241121,0,"edges","v44","directed_weighted","m1"
-2.70827464279882,0.0423757515768945,0,-63.9109524201458,0,"edges","v45","directed_weighted","m1"
-2.59717395165793,0.0421078738643278,0,-61.6790569864929,0,"edges","v47","directed_weighted","m1"
-1.91788822285321,0.0323479371874563,0,-59.2893516436316,0,"edges","v48","directed_weighted","m1"
-3.14931136046742,0.0527342175103,0,-59.7204530408041,0,"edges","v49","directed_weighted","m1"
-2.78595473221246,0.0462184611892819,0,-60.2779638379334,0,"edges","v50","directed_weighted","m1"
-3.32828849130064,0.0625179106878451,0,-53.2373595771448,0,"edges","v51","directed_weighted","m1"
-3.52130908905158,0.0640379817981554,0,-54.9878211363777,0,"edges","v52","directed_weighted","m1"
-3.21443691988728,0.0599918357893779,0,-53.581239473529,0,"edges","v53","directed_weighted","m1"
-2.87712653109782,0.0481291774372743,0,-59.7792583271865,0,"edges","v54","directed_weighted","m1"
-2.47399047707269,0.0436908033507931,0,-56.6249710999598,0,"edges","v55","directed_weighted","m1"
-3.26749650874714,0.060778539432435,0,-53.7606947988521,0,"edges","v56","directed_weighted","m1"
-2.3143287312436,0.0358494635582526,0,-64.5568580819346,0,"edges","v57","directed_weighted","m1"
-3.21243537467073,0.0566611445880418,0,-56.6955609179259,0,"edges","v58","directed_weighted","m1"
-3.30212619044044,0.0571872327547104,0,-57.7423671574396,0,"edges","v59","directed_weighted","m1"
-3.78150170111093,0.0897410213201409,0,-42.1379392108861,0,"edges","v65","directed_weighted","m1"
-3.05055977733909,0.0550172360544058,0,-55.4473469790891,0,"edges","v66","directed_weighted","m1"
-2.58475198475676,0.0423362217476379,0,-61.0529678383729,0,"edges","v67","directed_weighted","m1"
-2.62302655566777,0.0449859735715533,0,-58.3076534176961,0,"edges","v68","directed_weighted","m1"
-3.04158773243423,0.0518314246998284,0,-58.6823100088218,0,"edges","v69","directed_weighted","m1"
-2.86593610000462,0.0468757949642061,0,-61.1389332638097,0,"edges","v70","directed_weighted","m1"
-3.19037142252843,0.0543074172550602,0,-58.7465135295339,0,"edges","v71","directed_weighted","m1"
-2.81283083849706,0.0506009372843167,0,-55.5885125742299,0,"edges","v72","directed_weighted","m1"
-3.31807453335165,0.0608312060189008,0,-54.5455983943618,0,"edges","v73","directed_weighted","m1"
-1.81083272014184,0.0304479147257321,0,-59.4731276822537,0,"edges","v74","directed_weighted","m1"
-3.28084554390278,0.0673099557051451,0,-48.7423518487324,0,"edges","v75","directed_weighted","m1"
-3.07669304370393,0.0510116729369391,0,-60.3135099589333,0,"edges","v76","directed_weighted","m1"
-2.59597374347782,0.0430060583102651,0,-60.3629778099937,0,"edges","v77","directed_weighted","m1"
-3.18705780636533,0.0623891241759247,2,-51.0835477891703,0,"edges","v37","directed_weighted","m2"
-1.92731803472572,0.984095442113166,1,-1.9584665798138,0.0501752888803305,"mutual","v37","directed_weighted","m2"
-1.26404687998188,0.0327763135896653,7,-38.5658648439477,0,"edges","v40","directed_weighted","m2"
-1.95188009150917,0.191973885429436,3,-10.1674250492087,2.77138150166868e-24,"mutual","v40","directed_weighted","m2"
-2.13354650374871,0.037723579572676,4,-56.5573714879931,0,"edges","v41","directed_weighted","m2"
-0.904235832786831,0.204667968911202,1,-4.41806227714678,9.95897282292221e-06,"mutual","v41","directed_weighted","m2"
-3.31338523388194,0.0633743407616327,1,-52.2827566182414,0,"edges","v42","directed_weighted","m2"
-0.144695661637094,0.772255044554422,1,-0.187367713111646,0.851372335486507,"mutual","v42","directed_weighted","m2"
-2.6050622163958,0.0381997380789611,3,-68.1958135684329,0,"edges","v43","directed_weighted","m2"
-1.73450791838208,0.814555577986655,2,-2.12939173858373,0.0332218634002553,"mutual","v43","directed_weighted","m2"
-2.71288830400926,0.0505111608481252,1,-53.7086904845893,0,"edges","v44","directed_weighted","m2"
-1.49064935242835,0.431603699001019,1,-3.45374554453212,0.000552858751459976,"mutual","v44","directed_weighted","m2"
-2.65881551413094,0.0495866061020466,1,-53.6196308466694,0,"edges","v45","directed_weighted","m2"
-1.77015370499986,0.568487281972408,1,-3.1137964931391,0.00184696834499928,"mutual","v45","directed_weighted","m2"
-2.53776035169793,0.0489474077685923,2,-51.8466751844275,0,"edges","v47","directed_weighted","m2"
-1.59513700441771,0.473940956158968,1,-3.36568718885455,0.000763532414684022,"mutual","v47","directed_weighted","m2"
-1.82390141019862,0.0299728508364383,5,-60.8517828401322,0,"edges","v48","directed_weighted","m2"
-0.888744680580577,0.198735423258454,3,-4.47199933463683,7.74916686596559e-06,"mutual","v48","directed_weighted","m2"
-3.0992010206248,0.0508904252477592,2,-60.899491516064,0,"edges","v49","directed_weighted","m2"
-Inf,0,0,-Inf,0,"mutual","v49","directed_weighted","m2"
-2.754332530248,0.0545724299360063,2,-50.4711359468111,0,"edges","v50","directed_weighted","m2"
-2.23993552970148,0.702796088896477,1,-3.18717699926106,0.00143668825801183,"mutual","v50","directed_weighted","m2"
-3.29381723281751,0.0559758061192627,1,-58.8435872776833,0,"edges","v51","directed_weighted","m2"
-Inf,0,0,-Inf,0,"mutual","v51","directed_weighted","m2"
-3.4883207896156,0.058407941776244,1,-59.7233986258078,0,"edges","v52","directed_weighted","m2"
-Inf,0,0,-Inf,0,"mutual","v52","directed_weighted","m2"
-3.18595187135551,0.0729534306356028,1,-43.6710356675221,0,"edges","v53","directed_weighted","m2"
-0.765995076935651,0.617515561307232,1,-1.24044659751424,0.214810254824451,"mutual","v53","directed_weighted","m2"
-2.83982823232416,0.0468429216036375,1,-60.6244899998645,0,"edges","v54","directed_weighted","m2"
-0.749949065737378,0.343548365327251,1,-2.18295047051964,0.0290394576755241,"mutual","v54","directed_weighted","m2"
-2.4426140645685,0.0502107921552602,2,-48.647192360868,0,"edges","v55","directed_weighted","m2"
-0.537867135857965,0.31172086618467,1,-1.72547684228274,0.0844415736476934,"mutual","v55","directed_weighted","m2"
-3.21611880815594,0.0707058353002275,1,-45.4859035962141,0,"edges","v56","directed_weighted","m2"
-0.36523347948254,0.834712257726247,1,-0.437556147165534,0.661708066257755,"mutual","v56","directed_weighted","m2"
-2.218691804964,0.0449637856168927,2,-49.3439725886971,0,"edges","v57","directed_weighted","m2"
-2.53317960047629,0.619214344725552,2,-4.09095755299248,4.29595761462165e-05,"mutual","v57","directed_weighted","m2"
-3.1764243131893,0.0543938397525229,1,-58.3967656565737,0,"edges","v58","directed_weighted","m2"
-0.967942074375625,0.465125915301897,1,-2.08103234528949,0.0374309455435626,"mutual","v58","directed_weighted","m2"
-3.26118424383571,0.0561463657731714,1,-58.0836212447077,0,"edges","v59","directed_weighted","m2"
-1.06422015383218,0.878936613730674,1,-1.21080421182486,0.225970450607293,"mutual","v59","directed_weighted","m2"
-3.74532273127622,0.0922097162286898,1,-40.6174412465105,0,"edges","v65","directed_weighted","m2"
-Inf,0,0,-Inf,0,"mutual","v65","directed_weighted","m2"
-3.01623868596781,0.0518022345702061,2,-58.2260342819765,0,"edges","v66","directed_weighted","m2"
-0.664427090528817,0.862381030062198,1,-0.770456523702632,0.441029135214804,"mutual","v66","directed_weighted","m2"
-2.55262098476775,0.0529037851839292,3,-48.2502523381478,0,"edges","v67","directed_weighted","m2"
-0.743498683129303,0.3318585774354,1,-2.24040821507479,0.025064433445929,"mutual","v67","directed_weighted","m2"
-2.62539552277296,0.0541509261048765,2,-48.4829293166333,0,"edges","v68","directed_weighted","m2"
-0.258876032715639,0.315388241545856,2,-0.820817007783088,0.411750509356936,"mutual","v68","directed_weighted","m2"
-2.98511960335092,0.0530292146975617,2,-56.2919820777239,0,"edges","v69","directed_weighted","m2"
-Inf,0,0,-Inf,0,"mutual","v69","directed_weighted","m2"
-2.82160052238621,0.0528338317385159,2,-53.405184321115,0,"edges","v70","directed_weighted","m2"
-Inf,0,0,-Inf,0,"mutual","v70","directed_weighted","m2"
-3.15708760843611,0.0542768194386328,2,-58.1664077056989,0,"edges","v71","directed_weighted","m2"
-Inf,0,0,-Inf,0,"mutual","v71","directed_weighted","m2"
-2.78971780697728,0.0568866099207151,1,-49.0399728664691,0,"edges","v72","directed_weighted","m2"
-0.791024855976708,0.428592613249601,1,-1.84563343259497,0.0649454487013878,"mutual","v72","directed_weighted","m2"
-3.27074320910901,0.0555543524109174,2,-58.874652788973,0,"edges","v73","directed_weighted","m2"
-Inf,0,0,-Inf,0,"mutual","v73","directed_weighted","m2"
-1.8232446012452,0.0375418298573355,2,-48.5656828176411,0,"edges","v74","directed_weighted","m2"
0.0523513705272778,0.130158986399084,3,0.402210957349974,0.687528778836766,"mutual","v74","directed_weighted","m2"
-3.24350673321727,0.0747428409184051,1,-43.3955505753136,0,"edges","v75","directed_weighted","m2"
-Inf,0,0,-Inf,0,"mutual","v75","directed_weighted","m2"
-3.0612907348261,0.0602688257807436,1,-50.7939335994864,0,"edges","v76","directed_weighted","m2"
-0.776353396624036,0.893782666758879,1,-0.868615408977804,0.385057523456428,"mutual","v76","directed_weighted","m2"
-2.6038795266849,0.0444839255041018,3,-58.5352910557501,0,"edges","v77","directed_weighted","m2"
0.0198284876198144,0.227495342187629,1,0.0871599718444376,0.930544356066267,"mutual","v77","directed_weighted","m2"
-3.47243789226163,0.099792722999556,1,-34.7965040725172,2.7471646083533e-265,"edges","v37","directed_weighted","m3"
-0.397771374157518,2.01926173618076,1,-0.196988516659492,0.84383652409506,"mutual","v37","directed_weighted","m3"
3.00671116969764,0.907031709855571,1,3.31489090957626,0.000916788951555308,"gwodeg.fixed.0.5","v37","directed_weighted","m3"
-1.12609667558087,0.0342751161891886,9,-32.8546421072696,9.7777007594814e-237,"edges","v40","directed_weighted","m3"
-0.990246320601964,0.134820676966637,2,-7.34491431790552,2.05890950473214e-13,"mutual","v40","directed_weighted","m3"
-21707.3313299326,1355.96146413583,100,-16.0088113888744,1.10908352626273e-57,"gwodeg.fixed.0.5","v40","directed_weighted","m3"
-2.07308075132864,0.0359720884110871,2,-57.6302584280786,0,"edges","v41","directed_weighted","m3"
-0.796037277173325,0.201491397709948,2,-3.95072586830353,7.79145273553182e-05,"mutual","v41","directed_weighted","m3"
-4.55296429441714,0.608410673496553,11,-7.48337347247892,7.24386431823366e-14,"gwodeg.fixed.0.5","v41","directed_weighted","m3"
-3.88187280673191,0.165107329929053,1,-23.5112081843971,3.13257909608852e-122,"edges","v42","directed_weighted","m3"
-0.49324064723368,1.0861780598782,1,-0.454106619764526,0.649752088923017,"mutual","v42","directed_weighted","m3"
4.3306059277971,1.0352784560651,1,4.18303491435235,2.8764319615047e-05,"gwodeg.fixed.0.5","v42","directed_weighted","m3"
-2.45764991482501,0.0477696908047188,3,-51.4478924486202,0,"edges","v43","directed_weighted","m3"
-1.71637261860214,0.422676918895447,2,-4.06072000119481,4.89216138784796e-05,"mutual","v43","directed_weighted","m3"
-2.86917746234495,0.396550751401051,4,-7.23533482715106,4.64382005756602e-13,"gwodeg.fixed.0.5","v43","directed_weighted","m3"
-2.56292685133659,0.0757366452766051,2,-33.8399838278587,5.09520470340429e-251,"edges","v44","directed_weighted","m3"
-1.58874644296279,0.462710890366164,1,-3.43356181157859,0.000595706362367609,"mutual","v44","directed_weighted","m3"
-2.39676565286182,0.475052936935777,2,-5.04526015210351,4.52904708577899e-07,"gwodeg.fixed.0.5","v44","directed_weighted","m3"
-2.45665023670853,0.0582284098026173,2,-42.1898905540454,0,"edges","v45","directed_weighted","m3"
-1.59626404536056,0.412891000246328,1,-3.86606645436263,0.000110604811862038,"mutual","v45","directed_weighted","m3"
-3.44605815919072,0.355045311578092,5,-9.70596722957364,2.84366240005291e-22,"gwodeg.fixed.0.5","v45","directed_weighted","m3"
-2.44608954459448,0.0523728086316599,2,-46.7053344761005,0,"edges","v47","directed_weighted","m3"
-1.17835168604673,0.385125254510351,1,-3.05965831180011,0.00221589640252866,"mutual","v47","directed_weighted","m3"
-2.5414796561787,0.392675852832033,3,-6.4722076436562,9.65812702067219e-11,"gwodeg.fixed.0.5","v47","directed_weighted","m3"
-1.69051363083529,0.0423652011469295,4,-39.9033542876927,0,"edges","v48","directed_weighted","m3"
-0.630715997190543,0.185842703196682,3,-3.39381630993088,0.000689259084120199,"mutual","v48","directed_weighted","m3"
-4.38768755874851,4.34626578287685,5,-1.00953042863482,0.312720316063221,"gwodeg.fixed.0.5","v48","directed_weighted","m3"
-3.05027869553397,0.0847716278484787,1,-35.9823064974765,1.58217631810662e-283,"edges","v49","directed_weighted","m3"
-Inf,0,0,-Inf,0,"mutual","v49","directed_weighted","m3"
-0.707915641702023,0.617987587646644,2,-1.14551757325391,0.251994820090164,"gwodeg.fixed.0.5","v49","directed_weighted","m3"
-2.56554325249903,0.052394967598684,3,-48.9654516469912,0,"edges","v50","directed_weighted","m3"
-1.72550809439572,0.456272642459667,2,-3.78174787139084,0.000155731050161697,"mutual","v50","directed_weighted","m3"
-2.65871635243287,0.383311777145293,2,-6.93617183441013,4.02867536294788e-12,"gwodeg.fixed.0.5","v50","directed_weighted","m3"
-3.29467208178424,0.0993572137078749,1,-33.159867903211,4.08184319876517e-241,"edges","v51","directed_weighted","m3"
-Inf,0,0,-Inf,0,"mutual","v51","directed_weighted","m3"
0.123635154764362,0.45068251446673,1,0.274328714329317,0.78383201977335,"gwodeg.fixed.0.5","v51","directed_weighted","m3"
-3.49839607253686,0.116305087098866,1,-30.0794759696369,8.9913190474391e-199,"edges","v52","directed_weighted","m3"
-Inf,0,0,-Inf,0,"mutual","v52","directed_weighted","m3"
-0.0712029973850386,0.508708433993141,1,-0.139968187329087,0.888685125746206,"gwodeg.fixed.0.5","v52","directed_weighted","m3"
-3.50201174389064,0.140041988564182,1,-25.006869581016,5.14715951096917e-138,"edges","v53","directed_weighted","m3"
-0.425946760313584,0.984145503419451,1,-0.432808724760328,0.66515373439275,"mutual","v53","directed_weighted","m3"
2.1390205600284,0.818259290471849,1,2.61411093639393,0.00894599839316125,"gwodeg.fixed.0.5","v53","directed_weighted","m3"
-2.76630640155903,0.0663805712824818,2,-41.6734346829744,0,"edges","v54","directed_weighted","m3"
-0.796249914961762,0.430137910550432,1,-1.85115028327271,0.064147935866265,"mutual","v54","directed_weighted","m3"
-1.38610981960912,0.503868348033898,2,-2.75093647977243,0.00594251651035361,"gwodeg.fixed.0.5","v54","directed_weighted","m3"
-2.33502607920919,0.051878981400541,2,-45.009096481313,0,"edges","v55","directed_weighted","m3"
-0.411253303867648,0.24392074681093,1,-1.68601199055209,0.0917934898859273,"mutual","v55","directed_weighted","m3"
-2.74177329944718,0.414622355536744,3,-6.61270011815416,3.77372444814048e-11,"gwodeg.fixed.0.5","v55","directed_weighted","m3"
-3.62443269643479,0.123142621662463,1,-29.4328043978913,2.08992477060267e-190,"edges","v56","directed_weighted","m3"
-0.42455210245028,0.896479357504184,1,-0.473577109050499,0.635801502264316,"mutual","v56","directed_weighted","m3"
3.190224496034,0.940214996983873,1,3.39307978097346,0.000691115063676147,"gwodeg.fixed.0.5","v56","directed_weighted","m3"
-2.13766780815028,0.0371451813605415,4,-57.5489937012686,0,"edges","v57","directed_weighted","m3"
-2.05221548864604,0.403329415936679,1,-5.08818699444484,3.61502829416666e-07,"mutual","v57","directed_weighted","m3"
-5.14872972357391,0.28047994465062,11,-18.3568551754651,2.90977478743291e-75,"gwodeg.fixed.0.5","v57","directed_weighted","m3"
-3.38651057540332,0.0889042127335008,1,-38.0916772251808,0,"edges","v58","directed_weighted","m3"
0.406693319011967,1.44984798332409,1,0.280507559199092,0.779088126769498,"mutual","v58","directed_weighted","m3"
2.003555524506,0.757608604241217,1,2.64457862976973,0.00817927007770502,"gwodeg.fixed.0.5","v58","directed_weighted","m3"
-3.24416600025691,0.0792931466629773,1,-40.9135737044932,0,"edges","v59","directed_weighted","m3"
-0.959774877821184,0.603012876224875,1,-1.59163247695438,0.111467308313108,"mutual","v59","directed_weighted","m3"
-0.380127225692341,0.424629675510896,1,-0.895197033120654,0.370681770454414,"gwodeg.fixed.0.5","v59","directed_weighted","m3"
-4.60992593146016,0.319563886012824,1,-14.4256786615593,3.5674346935328e-47,"edges","v65","directed_weighted","m3"
-Inf,0,0,-Inf,0,"mutual","v65","directed_weighted","m3"
2.06110271880997,0.955015025487232,1,2.15818878635802,0.0309131568924776,"gwodeg.fixed.0.5","v65","directed_weighted","m3"
-3.03423081303944,0.0716222000916562,1,-42.3643899399415,0,"edges","v66","directed_weighted","m3"
-0.962595956828482,0.520446146846617,1,-1.84955919581853,0.0643771084972902,"mutual","v66","directed_weighted","m3"
0.180688862240854,0.589424866497724,1,0.306551135710444,0.75918505187211,"gwodeg.fixed.0.5","v66","directed_weighted","m3"
-2.46707641579692,0.0544805697121653,3,-45.2836016368976,0,"edges","v67","directed_weighted","m3"
-0.815208992474169,0.330280339673535,1,-2.46823348092703,0.0135781722987278,"mutual","v67","directed_weighted","m3"
-1.68535856895729,0.51240456598449,1,-3.28911700019531,0.00100502235979368,"gwodeg.fixed.0.5","v67","directed_weighted","m3"
-2.58298958801416,0.0513760959149048,1,-50.2760971229191,0,"edges","v68","directed_weighted","m3"
-0.202742503299938,0.30909243518249,1,-0.65592838977194,0.511870200673113,"mutual","v68","directed_weighted","m3"
-1.19926720191051,0.627401321792659,1,-1.91148338432547,0.0559424900654395,"gwodeg.fixed.0.5","v68","directed_weighted","m3"
-2.92984225334117,0.0645395533168218,1,-45.3960726836565,0,"edges","v69","directed_weighted","m3"
-Inf,0,0,-Inf,0,"mutual","v69","directed_weighted","m3"
-0.831877739393939,0.587884969345298,1,-1.41503488398481,0.157058268338422,"gwodeg.fixed.0.5","v69","directed_weighted","m3"
-2.72561381410943,0.0529963178821714,2,-51.4302487989709,0,"edges","v70","directed_weighted","m3"
-Inf,0,0,-Inf,0,"mutual","v70","directed_weighted","m3"
-1.89281256156419,0.720700949498356,2,-2.62634947668888,0.00863061551785699,"gwodeg.fixed.0.5","v70","directed_weighted","m3"
-3.03138093024563,0.0852041035134626,1,-35.5778748351793,3.08076546107367e-277,"edges","v71","directed_weighted","m3"
-Inf,0,0,-Inf,0,"mutual","v71","directed_weighted","m3"
-1.14180166294474,0.476026415618784,1,-2.39860987853063,0.0164574380418925,"gwodeg.fixed.0.5","v71","directed_weighted","m3"
-2.78896332220048,0.0855076235406826,1,-32.6165458320048,2.38988874783882e-233,"edges","v72","directed_weighted","m3"
-0.651358729796673,0.474659671546722,1,-1.37226473796301,0.169981038627896,"mutual","v72","directed_weighted","m3"
-0.239660195582843,0.6443942382386,1,-0.371915484902434,0.709955775546351,"gwodeg.fixed.0.5","v72","directed_weighted","m3"
-3.52215705918591,0.132277900372822,1,-26.6269501500916,3.3098955440217e-156,"edges","v73","directed_weighted","m3"
-Inf,0,0,-Inf,0,"mutual","v73","directed_weighted","m3"
1.84655126054523,0.871374928110264,1,2.11912369862399,0.0340800144080221,"gwodeg.fixed.0.5","v73","directed_weighted","m3"
-1.7463742239903,0.037934090195253,3,-46.0370662641815,0,"edges","v74","directed_weighted","m3"
0.170469763864643,0.131478186097781,2,1.2965630947925,0.194781557519061,"mutual","v74","directed_weighted","m3"
-7.1174003591137,1.21985880506156,6,-5.8346099807465,5.39165348604072e-09,"gwodeg.fixed.0.5","v74","directed_weighted","m3"
-3.39170672031774,0.158934509990086,1,-21.3402785872578,4.80077680118429e-101,"edges","v75","directed_weighted","m3"
-Inf,0,0,-Inf,0,"mutual","v75","directed_weighted","m3"
0.88598835323518,0.865127984208803,1,1.02411246590926,0.305782157048722,"gwodeg.fixed.0.5","v75","directed_weighted","m3"
-2.94082530775702,0.0588600503124708,2,-49.9630104314394,0,"edges","v76","directed_weighted","m3"
-1.17307374983648,0.560169375114899,1,-2.09414116863469,0.0362474066673401,"mutual","v76","directed_weighted","m3"
-1.07466918081911,0.350344118507541,2,-3.06746745284944,0.00215880968664882,"gwodeg.fixed.0.5","v76","directed_weighted","m3"
-2.58808266267358,0.0565626721792479,2,-45.7560182883848,0,"edges","v77","directed_weighted","m3"
0.100730159149892,0.200990938450465,2,0.501167664206499,0.616253129441122,"mutual","v77","directed_weighted","m3"
-0.521912566098928,0.73368055466087,2,-0.711362135446226,0.476859856556283,"gwodeg.fixed.0.5","v77","directed_weighted","m3"
-2.41233595695311,0.0539037512498764,0,-44.7526545188011,0,"edges","v49","undirected_weighted","m1"
-2.59862833961863,0.0636729297806135,0,-40.8121370977001,0,"edges","v51","undirected_weighted","m1"
-2.79815550319625,0.06501353724345,0,-43.0395825521424,0,"edges","v52","undirected_weighted","m1"
-3.06530240592091,0.0907803224800871,0,-33.7661546266625,6.19379906888469e-250,"edges","v65","undirected_weighted","m1"
-2.29950342645663,0.0531159476029618,0,-43.2921472783516,0,"edges","v69","undirected_weighted","m1"
-2.11417432489792,0.048265482499943,0,-43.8030289016672,0,"edges","v70","undirected_weighted","m1"
-2.45519675020159,0.0554621538075796,0,-44.2679662012343,0,"edges","v71","undirected_weighted","m1"
-2.58803252764356,0.0619667676301532,0,-41.7648463300547,0,"edges","v73","undirected_weighted","m1"
-2.54937693715621,0.0686147841067404,0,-37.1549217904741,3.6509258118911e-302,"edges","v75","undirected_weighted","m1"
-2.19057739437709,0.0497095358479501,3,-44.0675487511602,0,"edges","v49","undirected_weighted","m2"
-8.21406758667088,1.67053700311433,1,-4.91702223378329,8.78705749678763e-07,"gwdeg.fixed.0.5","v49","undirected_weighted","m2"
-2.14813754710746,0.0567869121845106,2,-37.8280393222964,0,"edges","v51","undirected_weighted","m2"
-4.79822783176026,1.07302411023208,1,-4.47168687637638,7.76050015715293e-06,"gwdeg.fixed.0.5","v51","undirected_weighted","m2"
-2.39506507167652,0.0599519929691592,1,-39.9497156484622,0,"edges","v52","undirected_weighted","m2"
-2.97046813597915,0.578765946688045,2,-5.1324169173696,2.86045006760346e-07,"gwdeg.fixed.0.5","v52","undirected_weighted","m2"
-2.45494339051484,0.130049197707954,1,-18.8770360277639,1.76200677175855e-79,"edges","v65","undirected_weighted","m2"
-2.21437195166086,0.485163086608066,1,-4.56418060809667,5.01448967647078e-06,"gwdeg.fixed.0.5","v65","undirected_weighted","m2"
-2.16848112312386,0.0510911308827174,1,-42.4433964498013,0,"edges","v69","undirected_weighted","m2"
-5.88654061519566,1.15382908311522,3,-5.1017440116023,3.36537753704949e-07,"gwdeg.fixed.0.5","v69","undirected_weighted","m2"
-2.06012612194386,0.0666519944345719,3,-30.9086943222106,9.12761373948628e-210,"edges","v70","undirected_weighted","m2"
-6.72627544274092,1.63039462129584,1,-4.1255505598975,3.69848916425804e-05,"gwdeg.fixed.0.5","v70","undirected_weighted","m2"
-2.09302539503125,0.0445379044115839,1,-46.9942495652505,0,"edges","v71","undirected_weighted","m2"
-5.39227308228309,1.25813135577573,6,-4.28593807596374,1.81969674953766e-05,"gwdeg.fixed.0.5","v71","undirected_weighted","m2"
-2.27169306570438,0.0609579252991947,1,-37.2665745193003,5.71145130921258e-304,"edges","v73","undirected_weighted","m2"
-5.29501915479233,0.971940102929016,1,-5.44788628315201,5.09719282601799e-08,"gwdeg.fixed.0.5","v73","undirected_weighted","m2"
-2.21746999177688,0.0639623155863421,1,-34.668382022279,2.36097270702042e-263,"edges","v75","undirected_weighted","m2"
-4.71792325014635,0.810297982792222,1,-5.82245464056168,5.79895413448478e-09,"gwdeg.fixed.0.5","v75","undirected_weighted","m2"
