measure,node,top_k_count,top_k_freq,n_universes
avg_neighbor_degree,v40_h76,4,0.8,5
avg_neighbor_degree,v40_h2,3,0.6,5
avg_neighbor_degree,v40_h16,3,0.6,5
avg_neighbor_degree,v40_h25,3,0.6,5
avg_neighbor_degree,v40_h65,3,0.6,5
avg_neighbor_degree,v40_h32,3,0.6,5
avg_neighbor_degree,v40_h29,2,0.4,5
avg_neighbor_degree,v40_h26,2,0.4,5
avg_neighbor_degree,v40_h21,2,0.4,5
avg_neighbor_degree,v40_h84,2,0.4,5
avg_neighbor_degree,v40_h13,2,0.4,5
avg_neighbor_degree,v40_h94,2,0.4,5
avg_neighbor_degree,v40_h22,2,0.4,5
avg_neighbor_degree,v48_h84,2,0.4,5
avg_neighbor_degree,v48_h24,2,0.4,5
avg_neighbor_degree,v40_h17,2,0.4,5
avg_neighbor_degree,v40_h92,2,0.4,5
avg_neighbor_degree,v74_h78,2,0.4,5
avg_neighbor_degree,v74_h80,2,0.4,5
avg_neighbor_degree,v74_h92,2,0.4,5
avg_neighbor_degree,v74_h76,2,0.4,5
avg_neighbor_degree,v74_h71,2,0.4,5
avg_neighbor_degree,v74_h84,2,0.4,5
avg_neighbor_degree,v74_h63,2,0.4,5
avg_neighbor_degree,v74_h61,2,0.4,5
avg_neighbor_degree,v74_h69,2,0.4,5
avg_neighbor_degree,v74_h93,2,0.4,5
avg_neighbor_degree,v40_h4,2,0.4,5
avg_neighbor_degree,v40_h96,1,0.2,5
avg_neighbor_degree,v40_h11,1,0.2,5
avg_neighbor_degree,v40_h54,1,0.2,5
avg_neighbor_degree,v48_h110,1,0.2,5
avg_neighbor_degree,v48_h75,1,0.2,5
avg_neighbor_degree,v74_h57,1,0.2,5
avg_neighbor_degree,v74_h72,1,0.2,5
avg_neighbor_degree,v74_h73,1,0.2,5
avg_neighbor_degree,v48_h89,1,0.2,5
avg_neighbor_degree,v74_h89,1,0.2,5
avg_neighbor_degree,v40_h88,1,0.2,5
avg_neighbor_degree,v40_h5,1,0.2,5
avg_neighbor_degree,v40_h90,1,0.2,5
avg_neighbor_degree,v40_h12,1,0.2,5
avg_neighbor_degree,v41_h98,1,0.2,5
avg_neighbor_degree,v41_h18,1,0.2,5
avg_neighbor_degree,v41_h49,1,0.2,5
avg_neighbor_degree,v67_h10,1,0.2,5
avg_neighbor_degree,v67_h42,1,0.2,5
avg_neighbor_degree,v67_h43,1,0.2,5
avg_neighbor_degree,v67_h85,1,0.2,5
avg_neighbor_degree,v41_h88,1,0.2,5
betweenness_k500,v76_h89,4,0.8,5
betweenness_k500,v48_h13,3,0.6,5
betweenness_k500,v59_h3,3,0.6,5
betweenness_k500,v48_h85,3,0.6,5
betweenness_k500,v48_h27,3,0.6,5
betweenness_k500,v48_h49,2,0.4,5
betweenness_k500,v74_h10,2,0.4,5
betweenness_k500,v48_h76,2,0.4,5
betweenness_k500,v48_h50,2,0.4,5
betweenness_k500,v45_h42,2,0.4,5
betweenness_k500,v43_h19,2,0.4,5
betweenness_k500,v50_h113,2,0.4,5
betweenness_k500,v41_h90,2,0.4,5
betweenness_k500,v76_h2,2,0.4,5
betweenness_k500,v44_h40,2,0.4,5
betweenness_k500,v50_h27,2,0.4,5
betweenness_k500,v66_h46,2,0.4,5
betweenness_k500,v48_h58,2,0.4,5
betweenness_k500,v69_h11,2,0.4,5
betweenness_k500,v65_h53,2,0.4,5
betweenness_k500,v37_h53,2,0.4,5
betweenness_k500,v65_h105,2,0.4,5
betweenness_k500,v37_h18,2,0.4,5
betweenness_k500,v56_h4,2,0.4,5
betweenness_k500,v76_h38,2,0.4,5
betweenness_k500,v37_h29,2,0.4,5
betweenness_k500,v41_h69,1,0.2,5
betweenness_k500,v67_h110,1,0.2,5
betweenness_k500,v40_h80,1,0.2,5
betweenness_k500,v57_h49,1,0.2,5
betweenness_k500,v77_h87,1,0.2,5
betweenness_k500,v43_h96,1,0.2,5
betweenness_k500,v77_h44,1,0.2,5
betweenness_k500,v42_h110,1,0.2,5
betweenness_k500,v42_h19,1,0.2,5
betweenness_k500,v45_h74,1,0.2,5
betweenness_k500,v41_h115,1,0.2,5
betweenness_k500,v70_h33,1,0.2,5
betweenness_k500,v52_h145,1,0.2,5
betweenness_k500,v53_h41,1,0.2,5
betweenness_k500,v68_h45,1,0.2,5
betweenness_k500,v56_h51,1,0.2,5
betweenness_k500,v58_h52,1,0.2,5
betweenness_k500,v72_h48,1,0.2,5
betweenness_k500,v42_h117,1,0.2,5
betweenness_k500,v41_h51,1,0.2,5
betweenness_k500,v72_h206,1,0.2,5
betweenness_k500,v67_h169,1,0.2,5
betweenness_k500,v51_h52,1,0.2,5
betweenness_k500,v52_h46,1,0.2,5
closeness_centrality,v41_h10,5,1.0,5
closeness_centrality,v67_h61,4,0.8,5
closeness_centrality,v40_h35,4,0.8,5
closeness_centrality,v40_h24,4,0.8,5
closeness_centrality,v40_h49,4,0.8,5
closeness_centrality,v40_h89,4,0.8,5
closeness_centrality,v41_h4,4,0.8,5
closeness_centrality,v41_h90,4,0.8,5
closeness_centrality,v57_h49,4,0.8,5
closeness_centrality,v40_h7,4,0.8,5
closeness_centrality,v41_h24,4,0.8,5
closeness_centrality,v41_h26,4,0.8,5
closeness_centrality,v40_h120,4,0.8,5
closeness_centrality,v40_h169,4,0.8,5
closeness_centrality,v47_h47,3,0.6,5
closeness_centrality,v68_h34,3,0.6,5
closeness_centrality,v67_h39,2,0.4,5
closeness_centrality,v41_h51,2,0.4,5
closeness_centrality,v37_h18,2,0.4,5
closeness_centrality,v47_h33,2,0.4,5
closeness_centrality,v40_h9,2,0.4,5
closeness_centrality,v40_h114,2,0.4,5
closeness_centrality,v40_h6,2,0.4,5
closeness_centrality,v40_h96,2,0.4,5
closeness_centrality,v40_h80,2,0.4,5
closeness_centrality,v57_h10,2,0.4,5
closeness_centrality,v74_h105,1,0.2,5
closeness_centrality,v48_h85,1,0.2,5
closeness_centrality,v53_h81,1,0.2,5
closeness_centrality,v53_h44,1,0.2,5
closeness_centrality,v53_h64,1,0.2,5
closeness_centrality,v74_h83,1,0.2,5
closeness_centrality,v48_h58,1,0.2,5
closeness_centrality,v74_h69,1,0.2,5
closeness_centrality,v37_h38,1,0.2,5
closeness_centrality,v56_h66,1,0.2,5
closeness_centrality,v67_h97,1,0.2,5
closeness_centrality,v74_h61,1,0.2,5
closeness_centrality,v74_h10,1,0.2,5
closeness_centrality,v74_h23,1,0.2,5
closeness_centrality,v55_h133,1,0.2,5
closeness_centrality,v74_h45,1,0.2,5
closeness_centrality,v74_h63,1,0.2,5
clustering,v56_h16,3,0.6,5
clustering,v55_h46,3,0.6,5
clustering,v55_h31,3,0.6,5
clustering,v42_h108,2,0.4,5
clustering,v55_h12,2,0.4,5
clustering,v56_h21,2,0.4,5
clustering,v55_h27,2,0.4,5
clustering,v53_h60,2,0.4,5
clustering,v55_h45,2,0.4,5
clustering,v55_h41,2,0.4,5
clustering,v42_h111,2,0.4,5
clustering,v42_h75,2,0.4,5
clustering,v42_h44,2,0.4,5
clustering,v42_h56,2,0.4,5
clustering,v75_h31,2,0.4,5
clustering,v42_h89,2,0.4,5
clustering,v55_h29,2,0.4,5
clustering,v75_h27,2,0.4,5
clustering,v55_h35,2,0.4,5
clustering,v42_h87,2,0.4,5
clustering,v37_h11,2,0.4,5
clustering,v37_h12,2,0.4,5
clustering,v37_h13,2,0.4,5
clustering,v37_h15,2,0.4,5
clustering,v37_h16,2,0.4,5
clustering,v37_h17,2,0.4,5
clustering,v37_h2,2,0.4,5
clustering,v37_h65,2,0.4,5
clustering,v37_h71,2,0.4,5
clustering,v37_h73,2,0.4,5
clustering,v37_h89,2,0.4,5
clustering,v37_h90,2,0.4,5
clustering,v40_h76,2,0.4,5
clustering,v41_h18,2,0.4,5
clustering,v41_h43,2,0.4,5
clustering,v41_h98,2,0.4,5
clustering,v42_h101,2,0.4,5
clustering,v42_h102,2,0.4,5
clustering,v42_h104,2,0.4,5
clustering,v42_h105,2,0.4,5
clustering,v56_h19,1,0.2,5
clustering,v76_h96,1,0.2,5
clustering,v56_h65,1,0.2,5
clustering,v51_h57,1,0.2,5
clustering,v42_h15,1,0.2,5
clustering,v74_h100,1,0.2,5
clustering,v57_h15,1,0.2,5
clustering,v57_h48,1,0.2,5
clustering,v57_h50,1,0.2,5
clustering,v74_h21,1,0.2,5
constraint,v37_h1,4,0.8,5
constraint,v37_h74,4,0.8,5
constraint,v37_h77,4,0.8,5
constraint,v37_h78,4,0.8,5
constraint,v41_h57,4,0.8,5
constraint,v42_h4,4,0.8,5
constraint,v42_h98,4,0.8,5
constraint,v43_h5,4,0.8,5
constraint,v44_h12,4,0.8,5
constraint,v44_h15,4,0.8,5
constraint,v44_h17,4,0.8,5
constraint,v44_h25,4,0.8,5
constraint,v45_h29,4,0.8,5
constraint,v47_h26,4,0.8,5
constraint,v49_h114,4,0.8,5
constraint,v49_h69,4,0.8,5
constraint,v49_h75,4,0.8,5
constraint,v49_h92,4,0.8,5
constraint,v50_h106,4,0.8,5
constraint,v50_h110,4,0.8,5
constraint,v37_h10,1,0.2,5
constraint,v37_h104,1,0.2,5
constraint,v37_h106,1,0.2,5
constraint,v37_h11,1,0.2,5
constraint,v37_h12,1,0.2,5
constraint,v37_h14,1,0.2,5
constraint,v37_h16,1,0.2,5
constraint,v37_h19,1,0.2,5
constraint,v37_h26,1,0.2,5
constraint,v37_h27,1,0.2,5
constraint,v37_h3,1,0.2,5
constraint,v37_h31,1,0.2,5
constraint,v37_h35,1,0.2,5
constraint,v37_h4,1,0.2,5
constraint,v37_h41,1,0.2,5
constraint,v37_h56,1,0.2,5
constraint,v37_h67,1,0.2,5
constraint,v37_h69,1,0.2,5
constraint,v37_h70,1,0.2,5
constraint,v37_h71,1,0.2,5
effective_size,v57_h49,5,1.0,5
effective_size,v41_h10,5,1.0,5
effective_size,v37_h18,5,1.0,5
effective_size,v67_h97,5,1.0,5
effective_size,v47_h47,5,1.0,5
effective_size,v67_h61,4,0.8,5
effective_size,v67_h39,4,0.8,5
effective_size,v67_h54,4,0.8,5
effective_size,v47_h33,4,0.8,5
effective_size,v37_h29,3,0.6,5
effective_size,v40_h89,2,0.4,5
effective_size,v40_h24,2,0.4,5
effective_size,v40_h49,2,0.4,5
effective_size,v40_h35,2,0.4,5
effective_size,v40_h9,2,0.4,5
effective_size,v40_h114,2,0.4,5
effective_size,v40_h6,2,0.4,5
effective_size,v41_h4,2,0.4,5
effective_size,v40_h80,2,0.4,5
effective_size,v41_h90,2,0.4,5
effective_size,v70_h177,2,0.4,5
effective_size,v70_h124,2,0.4,5
effective_size,v57_h52,2,0.4,5
effective_size,v70_h131,2,0.4,5
effective_size,v70_h165,2,0.4,5
effective_size,v68_h34,2,0.4,5
effective_size,v69_h68,2,0.4,5
effective_size,v37_h53,2,0.4,5
effective_size,v57_h182,2,0.4,5
effective_size,v57_h10,1,0.2,5
effective_size,v43_h141,1,0.2,5
effective_size,v41_h26,1,0.2,5
effective_size,v70_h33,1,0.2,5
effective_size,v70_h53,1,0.2,5
effective_size,v53_h81,1,0.2,5
effective_size,v48_h85,1,0.2,5
effective_size,v53_h44,1,0.2,5
effective_size,v56_h66,1,0.2,5
effective_size,v48_h58,1,0.2,5
effective_size,v37_h38,1,0.2,5
effective_size,v55_h133,1,0.2,5
effective_size,v68_h66,1,0.2,5
effective_size,v74_h105,1,0.2,5
effective_size,v53_h64,1,0.2,5
effective_size,v54_h47,1,0.2,5
effective_size,v68_h93,1,0.2,5
effective_size,v45_h74,1,0.2,5
eigenvector,v74_h69,4,0.8,5
eigenvector,v74_h61,4,0.8,5
eigenvector,v74_h63,4,0.8,5
eigenvector,v74_h83,4,0.8,5
eigenvector,v74_h95,4,0.8,5
eigenvector,v74_h105,4,0.8,5
eigenvector,v74_h65,4,0.8,5
eigenvector,v74_h70,4,0.8,5
eigenvector,v74_h62,4,0.8,5
eigenvector,v74_h78,4,0.8,5
eigenvector,v74_h45,3,0.6,5
eigenvector,v74_h23,3,0.6,5
eigenvector,v74_h127,3,0.6,5
eigenvector,v74_h97,3,0.6,5
eigenvector,v74_h46,3,0.6,5
eigenvector,v74_h10,3,0.6,5
eigenvector,v55_h44,3,0.6,5
eigenvector,v74_h131,2,0.4,5
eigenvector,v74_h52,2,0.4,5
eigenvector,v74_h42,2,0.4,5
eigenvector,v40_h120,2,0.4,5
eigenvector,v55_h49,2,0.4,5
eigenvector,v55_h16,2,0.4,5
eigenvector,v74_h72,1,0.2,5
eigenvector,v74_h85,1,0.2,5
eigenvector,v74_h94,1,0.2,5
eigenvector,v74_h91,1,0.2,5
eigenvector,v74_h41,1,0.2,5
eigenvector,v74_h89,1,0.2,5
eigenvector,v74_h84,1,0.2,5
eigenvector,v40_h89,1,0.2,5
eigenvector,v40_h49,1,0.2,5
eigenvector,v40_h24,1,0.2,5
eigenvector,v40_h9,1,0.2,5
eigenvector,v40_h35,1,0.2,5
eigenvector,v40_h114,1,0.2,5
eigenvector,v40_h6,1,0.2,5
eigenvector,v40_h96,1,0.2,5
eigenvector,v40_h80,1,0.2,5
eigenvector,v40_h11,1,0.2,5
eigenvector,v40_h169,1,0.2,5
eigenvector,v40_h123,1,0.2,5
eigenvector,v40_h7,1,0.2,5
eigenvector,v40_h185,1,0.2,5
eigenvector,v40_h174,1,0.2,5
eigenvector,v40_h142,1,0.2,5
eigenvector,v40_h140,1,0.2,5
eigenvector,v40_h231,1,0.2,5
eigenvector,v40_h64,1,0.2,5
eigenvector,v55_h34,1,0.2,5
harmonic_centrality,v40_h35,4,0.8,5
harmonic_centrality,v40_h24,4,0.8,5
harmonic_centrality,v40_h49,4,0.8,5
harmonic_centrality,v40_h7,4,0.8,5
harmonic_centrality,v40_h89,4,0.8,5
harmonic_centrality,v40_h120,4,0.8,5
harmonic_centrality,v40_h169,4,0.8,5
harmonic_centrality,v57_h49,4,0.8,5
harmonic_centrality,v40_h123,4,0.8,5
harmonic_centrality,v41_h10,3,0.6,5
harmonic_centrality,v67_h39,2,0.4,5
harmonic_centrality,v67_h61,2,0.4,5
harmonic_centrality,v41_h51,2,0.4,5
harmonic_centrality,v37_h18,2,0.4,5
harmonic_centrality,v41_h4,2,0.4,5
harmonic_centrality,v41_h90,2,0.4,5
harmonic_centrality,v41_h24,2,0.4,5
harmonic_centrality,v41_h26,2,0.4,5
harmonic_centrality,v41_h8,2,0.4,5
harmonic_centrality,v47_h33,2,0.4,5
harmonic_centrality,v40_h9,2,0.4,5
harmonic_centrality,v40_h114,2,0.4,5
harmonic_centrality,v40_h6,2,0.4,5
harmonic_centrality,v40_h96,2,0.4,5
harmonic_centrality,v40_h80,2,0.4,5
harmonic_centrality,v40_h174,2,0.4,5
harmonic_centrality,v40_h11,2,0.4,5
harmonic_centrality,v40_h185,2,0.4,5
harmonic_centrality,v40_h142,2,0.4,5
harmonic_centrality,v40_h231,2,0.4,5
harmonic_centrality,v40_h140,2,0.4,5
harmonic_centrality,v74_h105,1,0.2,5
harmonic_centrality,v48_h85,1,0.2,5
harmonic_centrality,v74_h83,1,0.2,5
harmonic_centrality,v74_h69,1,0.2,5
harmonic_centrality,v74_h61,1,0.2,5
harmonic_centrality,v74_h45,1,0.2,5
harmonic_centrality,v68_h34,1,0.2,5
harmonic_centrality,v74_h63,1,0.2,5
harmonic_centrality,v53_h64,1,0.2,5
harmonic_centrality,v74_h10,1,0.2,5
harmonic_centrality,v74_h95,1,0.2,5
harmonic_centrality,v74_h65,1,0.2,5
harmonic_centrality,v74_h23,1,0.2,5
harmonic_centrality,v48_h58,1,0.2,5
harmonic_centrality,v47_h47,1,0.2,5
harmonic_centrality,v53_h81,1,0.2,5
harmonic_centrality,v37_h38,1,0.2,5
harmonic_centrality,v53_h44,1,0.2,5
harmonic_centrality,v74_h62,1,0.2,5
hits_authority,v74_h83,2,0.4,5
hits_authority,v74_h69,2,0.4,5
hits_authority,v74_h95,2,0.4,5
hits_authority,v74_h61,2,0.4,5
hits_authority,v74_h65,2,0.4,5
hits_authority,v74_h63,2,0.4,5
hits_authority,v74_h105,2,0.4,5
hits_authority,v74_h70,2,0.4,5
hits_authority,v74_h78,2,0.4,5
hits_authority,v74_h62,2,0.4,5
hits_authority,v40_h35,2,0.4,5
hits_authority,v40_h24,2,0.4,5
hits_authority,v40_h49,2,0.4,5
hits_authority,v40_h89,2,0.4,5
hits_authority,v40_h7,2,0.4,5
hits_authority,v40_h169,2,0.4,5
hits_authority,v40_h120,2,0.4,5
hits_authority,v40_h174,2,0.4,5
hits_authority,v40_h185,2,0.4,5
hits_authority,v40_h114,2,0.4,5
hits_authority,v40_h123,2,0.4,5
hits_authority,v40_h9,2,0.4,5
hits_authority,v40_h142,2,0.4,5
hits_authority,v40_h140,2,0.4,5
hits_authority,v40_h64,2,0.4,5
hits_authority,v40_h231,2,0.4,5
hits_authority,v40_h6,2,0.4,5
hits_authority,v40_h96,2,0.4,5
hits_authority,v40_h80,2,0.4,5
hits_authority,v74_h45,1,0.2,5
hits_authority,v74_h97,1,0.2,5
hits_authority,v74_h10,1,0.2,5
hits_authority,v74_h23,1,0.2,5
hits_authority,v74_h127,1,0.2,5
hits_authority,v74_h46,1,0.2,5
hits_authority,v74_h131,1,0.2,5
hits_authority,v74_h52,1,0.2,5
hits_authority,v74_h42,1,0.2,5
hits_authority,v52_h11,1,0.2,5
hits_authority,v40_h186,1,0.2,5
hits_authority,v74_h72,1,0.2,5
hits_authority,v74_h85,1,0.2,5
hits_authority,v74_h94,1,0.2,5
hits_authority,v74_h91,1,0.2,5
hits_authority,v74_h41,1,0.2,5
hits_authority,v74_h89,1,0.2,5
hits_authority,v74_h84,1,0.2,5
hits_authority,v74_h73,1,0.2,5
hits_authority,v74_h79,1,0.2,5
hits_authority,v74_h80,1,0.2,5
hits_hub,v74_h72,2,0.4,5
hits_hub,v74_h85,2,0.4,5
hits_hub,v74_h94,2,0.4,5
hits_hub,v74_h69,2,0.4,5
hits_hub,v74_h91,2,0.4,5
hits_hub,v74_h61,2,0.4,5
hits_hub,v74_h41,2,0.4,5
hits_hub,v74_h89,2,0.4,5
hits_hub,v74_h84,2,0.4,5
hits_hub,v74_h73,2,0.4,5
hits_hub,v74_h80,2,0.4,5
hits_hub,v74_h79,2,0.4,5
hits_hub,v74_h63,2,0.4,5
hits_hub,v74_h83,2,0.4,5
hits_hub,v74_h95,2,0.4,5
hits_hub,v40_h89,2,0.4,5
hits_hub,v74_h88,1,0.2,5
hits_hub,v74_h93,1,0.2,5
hits_hub,v74_h96,1,0.2,5
hits_hub,v74_h90,1,0.2,5
hits_hub,v74_h75,1,0.2,5
hits_hub,v40_h106,1,0.2,5
hits_hub,v40_h111,1,0.2,5
hits_hub,v40_h3,1,0.2,5
hits_hub,v40_h31,1,0.2,5
hits_hub,v40_h71,1,0.2,5
hits_hub,v40_h83,1,0.2,5
hits_hub,v40_h95,1,0.2,5
hits_hub,v40_h18,1,0.2,5
hits_hub,v40_h50,1,0.2,5
hits_hub,v40_h72,1,0.2,5
hits_hub,v40_h102,1,0.2,5
hits_hub,v40_h55,1,0.2,5
hits_hub,v40_h81,1,0.2,5
hits_hub,v40_h62,1,0.2,5
hits_hub,v40_h97,1,0.2,5
hits_hub,v40_h98,1,0.2,5
hits_hub,v40_h90,1,0.2,5
hits_hub,v40_h45,1,0.2,5
hits_hub,v40_h87,1,0.2,5
hits_hub,v74_h65,1,0.2,5
hits_hub,v74_h105,1,0.2,5
hits_hub,v74_h70,1,0.2,5
hits_hub,v74_h62,1,0.2,5
hits_hub,v74_h78,1,0.2,5
hits_hub,v40_h49,1,0.2,5
hits_hub,v40_h24,1,0.2,5
hits_hub,v40_h9,1,0.2,5
hits_hub,v40_h35,1,0.2,5
hits_hub,v40_h114,1,0.2,5
in_degree,v41_h10,5,1.0,5
in_degree,v37_h18,5,1.0,5
in_degree,v67_h61,4,0.8,5
in_degree,v40_h35,4,0.8,5
in_degree,v67_h39,4,0.8,5
in_degree,v40_h24,4,0.8,5
in_degree,v40_h49,4,0.8,5
in_degree,v40_h89,4,0.8,5
in_degree,v41_h4,4,0.8,5
in_degree,v41_h90,4,0.8,5
in_degree,v57_h49,4,0.8,5
in_degree,v41_h24,4,0.8,5
in_degree,v41_h26,4,0.8,5
in_degree,v47_h47,3,0.6,5
in_degree,v68_h34,3,0.6,5
in_degree,v40_h7,2,0.4,5
in_degree,v41_h51,2,0.4,5
in_degree,v47_h33,2,0.4,5
in_degree,v40_h120,2,0.4,5
in_degree,v40_h169,2,0.4,5
in_degree,v40_h9,2,0.4,5
in_degree,v40_h114,2,0.4,5
in_degree,v40_h6,2,0.4,5
in_degree,v40_h96,2,0.4,5
in_degree,v40_h80,2,0.4,5
in_degree,v57_h10,2,0.4,5
in_degree,v67_h54,2,0.4,5
in_degree,v48_h85,1,0.2,5
in_degree,v53_h81,1,0.2,5
in_degree,v53_h44,1,0.2,5
in_degree,v56_h66,1,0.2,5
in_degree,v67_h97,1,0.2,5
in_degree,v55_h133,1,0.2,5
in_degree,v48_h58,1,0.2,5
in_degree,v74_h105,1,0.2,5
in_degree,v37_h38,1,0.2,5
in_degree,v53_h64,1,0.2,5
in_degree,v55_h16,1,0.2,5
in_degree,v68_h66,1,0.2,5
in_degree,v37_h29,1,0.2,5
in_degree,v55_h49,1,0.2,5
in_degree,v68_h93,1,0.2,5
in_degree,v45_h74,1,0.2,5
k_core,v40_h10,4,0.8,5
k_core,v40_h102,4,0.8,5
k_core,v40_h105,4,0.8,5
k_core,v40_h106,4,0.8,5
k_core,v40_h108,4,0.8,5
k_core,v40_h11,4,0.8,5
k_core,v40_h111,4,0.8,5
k_core,v40_h114,4,0.8,5
k_core,v40_h120,4,0.8,5
k_core,v40_h123,4,0.8,5
k_core,v40_h126,4,0.8,5
k_core,v40_h14,4,0.8,5
k_core,v40_h140,4,0.8,5
k_core,v40_h142,4,0.8,5
k_core,v40_h145,4,0.8,5
k_core,v40_h152,4,0.8,5
k_core,v40_h161,4,0.8,5
k_core,v40_h169,4,0.8,5
k_core,v40_h170,4,0.8,5
k_core,v40_h173,4,0.8,5
k_core,v74_h105,1,0.2,5
k_core,v74_h61,1,0.2,5
k_core,v74_h62,1,0.2,5
k_core,v74_h63,1,0.2,5
k_core,v74_h65,1,0.2,5
k_core,v74_h69,1,0.2,5
k_core,v74_h70,1,0.2,5
k_core,v74_h72,1,0.2,5
k_core,v74_h73,1,0.2,5
k_core,v74_h75,1,0.2,5
k_core,v74_h78,1,0.2,5
k_core,v74_h83,1,0.2,5
k_core,v74_h85,1,0.2,5
k_core,v74_h94,1,0.2,5
k_core,v74_h95,1,0.2,5
k_core,v74_h41,1,0.2,5
k_core,v74_h58,1,0.2,5
k_core,v74_h71,1,0.2,5
k_core,v74_h79,1,0.2,5
k_core,v74_h80,1,0.2,5
katz_centrality,v74_h69,4,0.8,5
katz_centrality,v74_h61,4,0.8,5
katz_centrality,v74_h83,4,0.8,5
katz_centrality,v74_h63,4,0.8,5
katz_centrality,v74_h95,4,0.8,5
katz_centrality,v74_h105,4,0.8,5
katz_centrality,v74_h65,4,0.8,5
katz_centrality,v74_h45,4,0.8,5
katz_centrality,v74_h70,3,0.6,5
katz_centrality,v74_h62,3,0.6,5
katz_centrality,v74_h78,3,0.6,5
katz_centrality,v55_h44,3,0.6,5
katz_centrality,v55_h16,3,0.6,5
katz_centrality,v55_h49,3,0.6,5
katz_centrality,v55_h42,3,0.6,5
katz_centrality,v55_h19,3,0.6,5
katz_centrality,v55_h34,3,0.6,5
katz_centrality,v74_h10,2,0.4,5
katz_centrality,v74_h23,2,0.4,5
katz_centrality,v48_h85,2,0.4,5
katz_centrality,v40_h120,2,0.4,5
katz_centrality,v55_h133,2,0.4,5
katz_centrality,v74_h127,1,0.2,5
katz_centrality,v74_h97,1,0.2,5
katz_centrality,v74_h46,1,0.2,5
katz_centrality,v74_h131,1,0.2,5
katz_centrality,v74_h42,1,0.2,5
katz_centrality,v74_h52,1,0.2,5
katz_centrality,v74_h72,1,0.2,5
katz_centrality,v74_h85,1,0.2,5
katz_centrality,v74_h94,1,0.2,5
katz_centrality,v74_h41,1,0.2,5
katz_centrality,v55_h31,1,0.2,5
katz_centrality,v40_h89,1,0.2,5
katz_centrality,v40_h49,1,0.2,5
katz_centrality,v40_h24,1,0.2,5
katz_centrality,v40_h9,1,0.2,5
katz_centrality,v40_h35,1,0.2,5
katz_centrality,v40_h114,1,0.2,5
katz_centrality,v40_h6,1,0.2,5
katz_centrality,v40_h96,1,0.2,5
katz_centrality,v40_h80,1,0.2,5
katz_centrality,v40_h11,1,0.2,5
katz_centrality,v40_h169,1,0.2,5
katz_centrality,v40_h7,1,0.2,5
katz_centrality,v40_h123,1,0.2,5
katz_centrality,v40_h185,1,0.2,5
katz_centrality,v40_h174,1,0.2,5
katz_centrality,v40_h142,1,0.2,5
katz_centrality,v40_h140,1,0.2,5
katz_prestige_in,v74_h72,4,0.8,5
katz_prestige_in,v74_h94,4,0.8,5
katz_prestige_in,v74_h85,4,0.8,5
katz_prestige_in,v74_h41,4,0.8,5
katz_prestige_in,v74_h83,4,0.8,5
katz_prestige_in,v74_h69,3,0.6,5
katz_prestige_in,v74_h61,3,0.6,5
katz_prestige_in,v74_h73,3,0.6,5
katz_prestige_in,v74_h63,3,0.6,5
katz_prestige_in,v74_h96,3,0.6,5
katz_prestige_in,v74_h90,3,0.6,5
katz_prestige_in,v74_h95,3,0.6,5
katz_prestige_in,v74_h91,2,0.4,5
katz_prestige_in,v74_h84,2,0.4,5
katz_prestige_in,v74_h89,2,0.4,5
katz_prestige_in,v74_h79,2,0.4,5
katz_prestige_in,v74_h80,2,0.4,5
katz_prestige_in,v74_h93,2,0.4,5
katz_prestige_in,v74_h88,2,0.4,5
katz_prestige_in,v74_h105,2,0.4,5
katz_prestige_in,v74_h108,1,0.2,5
katz_prestige_in,v74_h58,1,0.2,5
katz_prestige_in,v74_h59,1,0.2,5
katz_prestige_in,v74_h66,1,0.2,5
katz_prestige_in,v74_h75,1,0.2,5
katz_prestige_in,v74_h110,1,0.2,5
katz_prestige_in,v74_h3,1,0.2,5
katz_prestige_in,v74_h40,1,0.2,5
katz_prestige_in,v74_h54,1,0.2,5
katz_prestige_in,v74_h6,1,0.2,5
katz_prestige_in,v74_h55,1,0.2,5
katz_prestige_in,v74_h14,1,0.2,5
katz_prestige_in,v55_h44,1,0.2,5
katz_prestige_in,v55_h49,1,0.2,5
katz_prestige_in,v55_h16,1,0.2,5
katz_prestige_in,v74_h65,1,0.2,5
katz_prestige_in,v55_h19,1,0.2,5
katz_prestige_in,v55_h42,1,0.2,5
katz_prestige_in,v55_h34,1,0.2,5
katz_prestige_in,v55_h133,1,0.2,5
katz_prestige_in,v74_h45,1,0.2,5
katz_prestige_in,v55_h31,1,0.2,5
katz_prestige_in,v40_h89,1,0.2,5
katz_prestige_in,v40_h49,1,0.2,5
katz_prestige_in,v40_h24,1,0.2,5
katz_prestige_in,v40_h9,1,0.2,5
katz_prestige_in,v40_h35,1,0.2,5
katz_prestige_in,v40_h114,1,0.2,5
katz_prestige_in,v40_h6,1,0.2,5
katz_prestige_in,v40_h96,1,0.2,5
load_centrality,v59_h3,3,0.6,5
load_centrality,v44_h22,3,0.6,5
load_centrality,v71_h49,3,0.6,5
load_centrality,v74_h10,2,0.4,5
load_centrality,v54_h41,2,0.4,5
load_centrality,v76_h89,2,0.4,5
load_centrality,v50_h113,2,0.4,5
load_centrality,v45_h42,2,0.4,5
load_centrality,v57_h49,2,0.4,5
load_centrality,v45_h74,2,0.4,5
load_centrality,v42_h110,2,0.4,5
load_centrality,v48_h85,2,0.4,5
load_centrality,v65_h53,2,0.4,5
load_centrality,v37_h18,2,0.4,5
load_centrality,v58_h52,2,0.4,5
load_centrality,v37_h29,2,0.4,5
load_centrality,v52_h178,2,0.4,5
load_centrality,v40_h80,1,0.2,5
load_centrality,v40_h11,1,0.2,5
load_centrality,v41_h69,1,0.2,5
load_centrality,v55_h56,1,0.2,5
load_centrality,v45_h62,1,0.2,5
load_centrality,v67_h110,1,0.2,5
load_centrality,v40_h114,1,0.2,5
load_centrality,v48_h49,1,0.2,5
load_centrality,v74_h46,1,0.2,5
load_centrality,v40_h96,1,0.2,5
load_centrality,v48_h76,1,0.2,5
load_centrality,v44_h40,1,0.2,5
load_centrality,v50_h27,1,0.2,5
load_centrality,v55_h42,1,0.2,5
load_centrality,v43_h96,1,0.2,5
load_centrality,v43_h19,1,0.2,5
load_centrality,v42_h19,1,0.2,5
load_centrality,v76_h2,1,0.2,5
load_centrality,v68_h66,1,0.2,5
load_centrality,v66_h46,1,0.2,5
load_centrality,v53_h41,1,0.2,5
load_centrality,v70_h33,1,0.2,5
load_centrality,v72_h206,1,0.2,5
load_centrality,v56_h51,1,0.2,5
load_centrality,v42_h117,1,0.2,5
load_centrality,v41_h115,1,0.2,5
load_centrality,v73_h34,1,0.2,5
load_centrality,v56_h4,1,0.2,5
load_centrality,v52_h145,1,0.2,5
load_centrality,v58_h158,1,0.2,5
load_centrality,v67_h169,1,0.2,5
load_centrality,v73_h6,1,0.2,5
load_centrality,v73_h30,1,0.2,5
onion_layer,v40_h11,4,0.8,5
onion_layer,v40_h114,4,0.8,5
onion_layer,v40_h24,4,0.8,5
onion_layer,v40_h35,4,0.8,5
onion_layer,v40_h49,4,0.8,5
onion_layer,v40_h6,4,0.8,5
onion_layer,v40_h80,4,0.8,5
onion_layer,v40_h89,4,0.8,5
onion_layer,v40_h9,4,0.8,5
onion_layer,v40_h96,4,0.8,5
onion_layer,v40_h106,4,0.8,5
onion_layer,v40_h111,4,0.8,5
onion_layer,v40_h120,4,0.8,5
onion_layer,v40_h123,4,0.8,5
onion_layer,v40_h126,4,0.8,5
onion_layer,v40_h140,4,0.8,5
onion_layer,v40_h142,4,0.8,5
onion_layer,v40_h169,4,0.8,5
onion_layer,v40_h173,4,0.8,5
onion_layer,v40_h174,4,0.8,5
onion_layer,v74_h105,1,0.2,5
onion_layer,v74_h61,1,0.2,5
onion_layer,v74_h63,1,0.2,5
onion_layer,v74_h65,1,0.2,5
onion_layer,v74_h69,1,0.2,5
onion_layer,v74_h70,1,0.2,5
onion_layer,v74_h72,1,0.2,5
onion_layer,v74_h83,1,0.2,5
onion_layer,v74_h85,1,0.2,5
onion_layer,v74_h95,1,0.2,5
onion_layer,v74_h62,1,0.2,5
onion_layer,v74_h73,1,0.2,5
onion_layer,v74_h75,1,0.2,5
onion_layer,v74_h78,1,0.2,5
onion_layer,v74_h94,1,0.2,5
onion_layer,v74_h41,1,0.2,5
onion_layer,v74_h88,1,0.2,5
onion_layer,v74_h97,1,0.2,5
onion_layer,v74_h58,1,0.2,5
onion_layer,v74_h71,1,0.2,5
out_degree,v40_h89,4,0.8,5
out_degree,v40_h95,3,0.6,5
out_degree,v40_h18,3,0.6,5
out_degree,v40_h106,2,0.4,5
out_degree,v40_h111,2,0.4,5
out_degree,v40_h3,2,0.4,5
out_degree,v40_h31,2,0.4,5
out_degree,v40_h71,2,0.4,5
out_degree,v40_h83,2,0.4,5
out_degree,v40_h102,2,0.4,5
out_degree,v40_h50,2,0.4,5
out_degree,v40_h55,2,0.4,5
out_degree,v40_h62,2,0.4,5
out_degree,v40_h72,2,0.4,5
out_degree,v40_h81,2,0.4,5
out_degree,v40_h97,2,0.4,5
out_degree,v40_h98,2,0.4,5
out_degree,v40_h10,2,0.4,5
out_degree,v40_h45,2,0.4,5
out_degree,v40_h46,2,0.4,5
out_degree,v40_h24,2,0.4,5
out_degree,v40_h49,2,0.4,5
out_degree,v40_h35,2,0.4,5
out_degree,v40_h9,2,0.4,5
out_degree,v40_h114,2,0.4,5
out_degree,v40_h6,2,0.4,5
out_degree,v57_h49,2,0.4,5
out_degree,v41_h10,2,0.4,5
out_degree,v40_h96,2,0.4,5
out_degree,v67_h61,2,0.4,5
out_degree,v40_h80,2,0.4,5
out_degree,v41_h4,2,0.4,5
out_degree,v41_h90,2,0.4,5
out_degree,v41_h24,2,0.4,5
out_degree,v41_h26,2,0.4,5
out_degree,v37_h18,2,0.4,5
out_degree,v57_h10,2,0.4,5
out_degree,v67_h39,2,0.4,5
out_degree,v67_h54,2,0.4,5
out_degree,v74_h41,1,0.2,5
out_degree,v74_h85,1,0.2,5
out_degree,v48_h59,1,0.2,5
out_degree,v74_h72,1,0.2,5
out_degree,v48_h79,1,0.2,5
out_degree,v74_h105,1,0.2,5
out_degree,v74_h83,1,0.2,5
out_degree,v74_h96,1,0.2,5
out_degree,v48_h61,1,0.2,5
out_degree,v48_h77,1,0.2,5
out_degree,v74_h40,1,0.2,5
pagerank,v56_h66,5,1.0,5
pagerank,v56_h4,4,0.8,5
pagerank,v42_h110,4,0.8,5
pagerank,v53_h64,4,0.8,5
pagerank,v53_h44,4,0.8,5
pagerank,v42_h19,3,0.6,5
pagerank,v77_h92,3,0.6,5
pagerank,v66_h91,3,0.6,5
pagerank,v53_h81,3,0.6,5
pagerank,v65_h53,3,0.6,5
pagerank,v68_h93,2,0.4,5
pagerank,v77_h44,2,0.4,5
pagerank,v42_h55,2,0.4,5
pagerank,v42_h90,2,0.4,5
pagerank,v72_h43,2,0.4,5
pagerank,v72_h35,2,0.4,5
pagerank,v67_h104,2,0.4,5
pagerank,v67_h61,2,0.4,5
pagerank,v77_h100,2,0.4,5
pagerank,v41_h10,2,0.4,5
pagerank,v56_h51,2,0.4,5
pagerank,v53_h41,2,0.4,5
pagerank,v51_h52,2,0.4,5
pagerank,v73_h30,2,0.4,5
pagerank,v73_h111,2,0.4,5
pagerank,v59_h3,2,0.4,5
pagerank,v37_h18,2,0.4,5
pagerank,v75_h34,2,0.4,5
pagerank,v37_h29,2,0.4,5
pagerank,v58_h52,2,0.4,5
pagerank,v72_h26,1,0.2,5
pagerank,v67_h54,1,0.2,5
pagerank,v42_h117,1,0.2,5
pagerank,v68_h34,1,0.2,5
pagerank,v77_h48,1,0.2,5
pagerank,v56_h61,1,0.2,5
pagerank,v68_h66,1,0.2,5
pagerank,v58_h158,1,0.2,5
pagerank,v71_h53,1,0.2,5
pagerank,v69_h68,1,0.2,5
pagerank,v58_h92,1,0.2,5
pagerank,v69_h11,1,0.2,5
pagerank,v67_h97,1,0.2,5
pagerank,v52_h121,1,0.2,5
pagerank,v49_h49,1,0.2,5
pagerank,v76_h38,1,0.2,5
pagerank,v37_h53,1,0.2,5
pagerank,v73_h34,1,0.2,5
pagerank,v37_h38,1,0.2,5
pagerank,v75_h39,1,0.2,5
pagerank_reverse,v40_h18,3,0.6,5
pagerank_reverse,v40_h89,3,0.6,5
pagerank_reverse,v48_h59,2,0.4,5
pagerank_reverse,v74_h41,2,0.4,5
pagerank_reverse,v45_h79,2,0.4,5
pagerank_reverse,v55_h111,2,0.4,5
pagerank_reverse,v40_h95,2,0.4,5
pagerank_reverse,v65_h100,2,0.4,5
pagerank_reverse,v47_h17,2,0.4,5
pagerank_reverse,v40_h3,2,0.4,5
pagerank_reverse,v48_h61,2,0.4,5
pagerank_reverse,v43_h25,2,0.4,5
pagerank_reverse,v55_h101,2,0.4,5
pagerank_reverse,v55_h58,2,0.4,5
pagerank_reverse,v40_h98,2,0.4,5
pagerank_reverse,v65_h53,2,0.4,5
pagerank_reverse,v56_h66,2,0.4,5
pagerank_reverse,v73_h111,2,0.4,5
pagerank_reverse,v59_h3,2,0.4,5
pagerank_reverse,v37_h18,2,0.4,5
pagerank_reverse,v53_h44,2,0.4,5
pagerank_reverse,v75_h34,2,0.4,5
pagerank_reverse,v53_h81,2,0.4,5
pagerank_reverse,v37_h29,2,0.4,5
pagerank_reverse,v58_h52,2,0.4,5
pagerank_reverse,v40_h48,1,0.2,5
pagerank_reverse,v76_h54,1,0.2,5
pagerank_reverse,v74_h72,1,0.2,5
pagerank_reverse,v45_h69,1,0.2,5
pagerank_reverse,v40_h27,1,0.2,5
pagerank_reverse,v43_h114,1,0.2,5
pagerank_reverse,v40_h106,1,0.2,5
pagerank_reverse,v40_h111,1,0.2,5
pagerank_reverse,v40_h31,1,0.2,5
pagerank_reverse,v40_h71,1,0.2,5
pagerank_reverse,v40_h83,1,0.2,5
pagerank_reverse,v45_h101,1,0.2,5
pagerank_reverse,v40_h97,1,0.2,5
pagerank_reverse,v40_h62,1,0.2,5
pagerank_reverse,v40_h81,1,0.2,5
pagerank_reverse,v40_h102,1,0.2,5
pagerank_reverse,v40_h55,1,0.2,5
pagerank_reverse,v40_h50,1,0.2,5
pagerank_reverse,v40_h72,1,0.2,5
pagerank_reverse,v71_h53,1,0.2,5
pagerank_reverse,v66_h91,1,0.2,5
pagerank_reverse,v69_h68,1,0.2,5
pagerank_reverse,v58_h92,1,0.2,5
pagerank_reverse,v69_h11,1,0.2,5
pagerank_reverse,v67_h97,1,0.2,5
proximity_prestige,v41_h10,5,1.0,5
proximity_prestige,v67_h61,4,0.8,5
proximity_prestige,v40_h35,4,0.8,5
proximity_prestige,v40_h24,4,0.8,5
proximity_prestige,v40_h49,4,0.8,5
proximity_prestige,v40_h89,4,0.8,5
proximity_prestige,v41_h4,4,0.8,5
proximity_prestige,v41_h90,4,0.8,5
proximity_prestige,v57_h49,4,0.8,5
proximity_prestige,v40_h7,4,0.8,5
proximity_prestige,v41_h24,4,0.8,5
proximity_prestige,v41_h26,4,0.8,5
proximity_prestige,v40_h120,4,0.8,5
proximity_prestige,v40_h169,4,0.8,5
proximity_prestige,v47_h47,3,0.6,5
proximity_prestige,v68_h34,3,0.6,5
proximity_prestige,v67_h39,2,0.4,5
proximity_prestige,v41_h51,2,0.4,5
proximity_prestige,v37_h18,2,0.4,5
proximity_prestige,v47_h33,2,0.4,5
proximity_prestige,v40_h9,2,0.4,5
proximity_prestige,v40_h114,2,0.4,5
proximity_prestige,v40_h6,2,0.4,5
proximity_prestige,v40_h96,2,0.4,5
proximity_prestige,v40_h80,2,0.4,5
proximity_prestige,v57_h10,2,0.4,5
proximity_prestige,v74_h105,1,0.2,5
proximity_prestige,v48_h85,1,0.2,5
proximity_prestige,v53_h81,1,0.2,5
proximity_prestige,v53_h44,1,0.2,5
proximity_prestige,v53_h64,1,0.2,5
proximity_prestige,v74_h83,1,0.2,5
proximity_prestige,v48_h58,1,0.2,5
proximity_prestige,v74_h69,1,0.2,5
proximity_prestige,v37_h38,1,0.2,5
proximity_prestige,v56_h66,1,0.2,5
proximity_prestige,v67_h97,1,0.2,5
proximity_prestige,v74_h61,1,0.2,5
proximity_prestige,v74_h10,1,0.2,5
proximity_prestige,v74_h23,1,0.2,5
proximity_prestige,v55_h133,1,0.2,5
proximity_prestige,v74_h45,1,0.2,5
proximity_prestige,v74_h63,1,0.2,5
square_clustering,v41_h98,4,0.8,5
square_clustering,v67_h10,4,0.8,5
square_clustering,v67_h42,4,0.8,5
square_clustering,v67_h43,4,0.8,5
square_clustering,v67_h85,4,0.8,5
square_clustering,v41_h18,4,0.8,5
square_clustering,v72_h75,4,0.8,5
square_clustering,v68_h55,4,0.8,5
square_clustering,v68_h49,4,0.8,5
square_clustering,v41_h49,4,0.8,5
square_clustering,v70_h1,4,0.8,5
square_clustering,v41_h88,4,0.8,5
square_clustering,v41_h92,4,0.8,5
square_clustering,v41_h95,4,0.8,5
square_clustering,v67_h18,4,0.8,5
square_clustering,v67_h21,4,0.8,5
square_clustering,v67_h35,4,0.8,5
square_clustering,v67_h45,4,0.8,5
square_clustering,v67_h74,4,0.8,5
square_clustering,v67_h88,4,0.8,5
square_clustering,v43_h93,1,0.2,5
square_clustering,v44_h45,1,0.2,5
square_clustering,v76_h224,1,0.2,5
square_clustering,v55_h24,1,0.2,5
square_clustering,v55_h26,1,0.2,5
square_clustering,v55_h1,1,0.2,5
square_clustering,v55_h11,1,0.2,5
square_clustering,v55_h40,1,0.2,5
square_clustering,v74_h76,1,0.2,5
square_clustering,v53_h16,1,0.2,5
square_clustering,v53_h26,1,0.2,5
square_clustering,v53_h49,1,0.2,5
square_clustering,v53_h55,1,0.2,5
square_clustering,v53_h65,1,0.2,5
square_clustering,v53_h76,1,0.2,5
square_clustering,v53_h77,1,0.2,5
square_clustering,v53_h79,1,0.2,5
square_clustering,v53_h80,1,0.2,5
square_clustering,v53_h88,1,0.2,5
square_clustering,v55_h13,1,0.2,5
strength,v48_h85,4,0.8,5
strength,v55_h44,3,0.6,5
strength,v74_h83,3,0.6,5
strength,v55_h16,3,0.6,5
strength,v74_h69,3,0.6,5
strength,v55_h49,3,0.6,5
strength,v74_h61,3,0.6,5
strength,v74_h95,3,0.6,5
strength,v53_h81,3,0.6,5
strength,v74_h65,3,0.6,5
strength,v53_h44,3,0.6,5
strength,v74_h105,3,0.6,5
strength,v56_h66,3,0.6,5
strength,v48_h58,3,0.6,5
strength,v55_h19,3,0.6,5
strength,v68_h93,3,0.6,5
strength,v55_h42,3,0.6,5
strength,v45_h74,3,0.6,5
strength,v47_h47,2,0.4,5
strength,v74_h63,2,0.4,5
strength,v40_h89,2,0.4,5
strength,v40_h24,2,0.4,5
strength,v40_h49,2,0.4,5
strength,v40_h35,2,0.4,5
strength,v40_h9,2,0.4,5
strength,v40_h114,2,0.4,5
strength,v40_h6,2,0.4,5
strength,v40_h80,2,0.4,5
strength,v40_h96,2,0.4,5
strength,v41_h10,2,0.4,5
strength,v41_h4,2,0.4,5
strength,v41_h90,2,0.4,5
strength,v57_h49,2,0.4,5
strength,v67_h61,2,0.4,5
strength,v41_h24,2,0.4,5
strength,v41_h26,2,0.4,5
strength,v54_h47,2,0.4,5
strength,v74_h45,1,0.2,5
strength,v74_h62,1,0.2,5
strength,v74_h10,1,0.2,5
strength,v37_h18,1,0.2,5
strength,v57_h10,1,0.2,5
strength,v67_h39,1,0.2,5
strength,v67_h54,1,0.2,5
total_degree,v41_h10,5,1.0,5
total_degree,v40_h89,4,0.8,5
total_degree,v40_h24,4,0.8,5
total_degree,v40_h49,4,0.8,5
total_degree,v40_h35,4,0.8,5
total_degree,v40_h9,4,0.8,5
total_degree,v40_h114,4,0.8,5
total_degree,v40_h6,4,0.8,5
total_degree,v40_h80,4,0.8,5
total_degree,v40_h96,4,0.8,5
total_degree,v41_h4,4,0.8,5
total_degree,v41_h90,4,0.8,5
total_degree,v57_h49,4,0.8,5
total_degree,v67_h61,4,0.8,5
total_degree,v41_h24,4,0.8,5
total_degree,v41_h26,4,0.8,5
total_degree,v74_h105,3,0.6,5
total_degree,v48_h85,3,0.6,5
total_degree,v37_h18,3,0.6,5
total_degree,v74_h45,2,0.4,5
total_degree,v74_h62,2,0.4,5
total_degree,v57_h10,2,0.4,5
total_degree,v67_h39,2,0.4,5
total_degree,v67_h54,2,0.4,5
total_degree,v53_h81,1,0.2,5
total_degree,v48_h58,1,0.2,5
total_degree,v53_h44,1,0.2,5
total_degree,v56_h66,1,0.2,5
total_degree,v55_h16,1,0.2,5
total_degree,v67_h97,1,0.2,5
total_degree,v74_h83,1,0.2,5
total_degree,v47_h47,1,0.2,5
total_degree,v55_h49,1,0.2,5
total_degree,v74_h69,1,0.2,5
total_degree,v55_h133,1,0.2,5
total_degree,v55_h42,1,0.2,5
total_degree,v74_h65,1,0.2,5
total_degree,v55_h19,1,0.2,5
total_degree,v55_h44,1,0.2,5
total_degree,v68_h34,1,0.2,5
triangles,v74_h83,5,1.0,5
triangles,v74_h105,5,1.0,5
triangles,v48_h85,5,1.0,5
triangles,v48_h58,5,1.0,5
triangles,v74_h70,5,1.0,5
triangles,v74_h65,5,1.0,5
triangles,v40_h89,4,0.8,5
triangles,v40_h49,4,0.8,5
triangles,v40_h24,4,0.8,5
triangles,v40_h9,4,0.8,5
triangles,v40_h35,4,0.8,5
triangles,v40_h6,4,0.8,5
triangles,v40_h114,4,0.8,5
triangles,v40_h96,4,0.8,5
triangles,v40_h80,4,0.8,5
triangles,v40_h11,4,0.8,5
triangles,v74_h45,4,0.8,5
triangles,v74_h62,4,0.8,5
triangles,v74_h97,4,0.8,5
triangles,v48_h49,4,0.8,5
triangles,v55_h16,1,0.2,5
triangles,v55_h49,1,0.2,5
triangles,v55_h42,1,0.2,5
triangles,v55_h19,1,0.2,5
triangles,v55_h44,1,0.2,5
triangles,v74_h69,1,0.2,5
triangles,v74_h61,1,0.2,5
triangles,v74_h63,1,0.2,5
triangles,v74_h95,1,0.2,5
triangles,v55_h133,1,0.2,5
triangles,v55_h34,1,0.2,5
triangles,v48_h13,1,0.2,5
triangles,v48_h48,1,0.2,5
triangles,v53_h64,1,0.2,5
weighted_in_degree,v47_h47,4,0.8,5
weighted_in_degree,v55_h44,3,0.6,5
weighted_in_degree,v55_h16,3,0.6,5
weighted_in_degree,v48_h85,3,0.6,5
weighted_in_degree,v74_h83,3,0.6,5
weighted_in_degree,v55_h49,3,0.6,5
weighted_in_degree,v53_h81,3,0.6,5
weighted_in_degree,v53_h44,3,0.6,5
weighted_in_degree,v56_h66,3,0.6,5
weighted_in_degree,v74_h69,3,0.6,5
weighted_in_degree,v54_h47,3,0.6,5
weighted_in_degree,v45_h74,3,0.6,5
weighted_in_degree,v74_h61,3,0.6,5
weighted_in_degree,v74_h95,3,0.6,5
weighted_in_degree,v68_h93,3,0.6,5
weighted_in_degree,v74_h65,3,0.6,5
weighted_in_degree,v74_h10,3,0.6,5
weighted_in_degree,v55_h19,3,0.6,5
weighted_in_degree,v48_h58,3,0.6,5
weighted_in_degree,v41_h10,2,0.4,5
weighted_in_degree,v67_h61,2,0.4,5
weighted_in_degree,v40_h35,2,0.4,5
weighted_in_degree,v67_h39,2,0.4,5
weighted_in_degree,v40_h24,2,0.4,5
weighted_in_degree,v40_h49,2,0.4,5
weighted_in_degree,v40_h89,2,0.4,5
weighted_in_degree,v41_h4,2,0.4,5
weighted_in_degree,v41_h90,2,0.4,5
weighted_in_degree,v57_h49,2,0.4,5
weighted_in_degree,v37_h18,2,0.4,5
weighted_in_degree,v41_h24,2,0.4,5
weighted_in_degree,v41_h26,2,0.4,5
weighted_in_degree,v55_h42,2,0.4,5
weighted_in_degree,v68_h66,1,0.2,5
weighted_in_degree,v40_h7,1,0.2,5
weighted_in_degree,v41_h51,1,0.2,5
weighted_in_degree,v47_h33,1,0.2,5
weighted_in_degree,v68_h34,1,0.2,5
weighted_in_degree,v40_h120,1,0.2,5
weighted_in_degree,v40_h169,1,0.2,5
weighted_in_degree,v40_h9,1,0.2,5
weighted_in_degree,v40_h114,1,0.2,5
weighted_in_degree,v40_h6,1,0.2,5
weighted_in_degree,v40_h96,1,0.2,5
weighted_in_degree,v40_h80,1,0.2,5
weighted_in_degree,v57_h10,1,0.2,5
weighted_in_degree,v67_h54,1,0.2,5
weighted_out_degree,v74_h69,3,0.6,5
weighted_out_degree,v74_h61,3,0.6,5
weighted_out_degree,v74_h41,2,0.4,5
weighted_out_degree,v74_h72,2,0.4,5
weighted_out_degree,v74_h85,2,0.4,5
weighted_out_degree,v74_h94,2,0.4,5
weighted_out_degree,v48_h59,2,0.4,5
weighted_out_degree,v55_h31,2,0.4,5
weighted_out_degree,v48_h61,2,0.4,5
weighted_out_degree,v74_h73,2,0.4,5
weighted_out_degree,v74_h96,2,0.4,5
weighted_out_degree,v74_h91,2,0.4,5
weighted_out_degree,v74_h89,2,0.4,5
weighted_out_degree,v74_h88,2,0.4,5
weighted_out_degree,v74_h63,2,0.4,5
weighted_out_degree,v55_h15,2,0.4,5
weighted_out_degree,v55_h22,2,0.4,5
weighted_out_degree,v74_h83,2,0.4,5
weighted_out_degree,v40_h89,2,0.4,5
weighted_out_degree,v74_h80,1,0.2,5
weighted_out_degree,v74_h105,1,0.2,5
weighted_out_degree,v40_h106,1,0.2,5
weighted_out_degree,v40_h111,1,0.2,5
weighted_out_degree,v40_h3,1,0.2,5
weighted_out_degree,v40_h31,1,0.2,5
weighted_out_degree,v40_h71,1,0.2,5
weighted_out_degree,v40_h83,1,0.2,5
weighted_out_degree,v40_h95,1,0.2,5
weighted_out_degree,v40_h102,1,0.2,5
weighted_out_degree,v40_h18,1,0.2,5
weighted_out_degree,v40_h50,1,0.2,5
weighted_out_degree,v40_h55,1,0.2,5
weighted_out_degree,v40_h62,1,0.2,5
weighted_out_degree,v40_h72,1,0.2,5
weighted_out_degree,v40_h81,1,0.2,5
weighted_out_degree,v40_h97,1,0.2,5
weighted_out_degree,v40_h98,1,0.2,5
weighted_out_degree,v40_h10,1,0.2,5
weighted_out_degree,v40_h45,1,0.2,5
weighted_out_degree,v40_h46,1,0.2,5
weighted_out_degree,v55_h44,1,0.2,5
weighted_out_degree,v55_h16,1,0.2,5
weighted_out_degree,v48_h85,1,0.2,5
weighted_out_degree,v55_h49,1,0.2,5
weighted_out_degree,v53_h81,1,0.2,5
weighted_out_degree,v53_h44,1,0.2,5
weighted_out_degree,v56_h66,1,0.2,5
weighted_out_degree,v47_h47,1,0.2,5
weighted_out_degree,v54_h47,1,0.2,5
weighted_out_degree,v45_h74,1,0.2,5
