representation,centrality,outcome,model,ame,se,pval,n_obs,significant
directed_weighted,in_degree,raw_count,ols,12.380767414468394,9.461127704972701e-16,0.0,7311,True
directed_weighted,in_degree,village_share,ols,0.022485440654658344,0.0008120183668118102,9.010610138171818e-169,7311,True
directed_weighted,in_degree,village_pctrank,ols,0.09396353318367782,0.0011211648724127304,0.0,7311,True
directed_weighted,in_degree,raw_count,poisson,2.482482555425754,0.011565662574767032,0.0,7311,True
directed_weighted,in_degree,raw_count,negbin,9.020434957581266,0.12053465457721649,0.0,7311,True
directed_weighted,in_degree,binary,logit,0.1865717025383331,0.0007559728007188506,0.0,7311,True
directed_weighted,out_degree,raw_count,ols,0.5254031896285403,0.25968547270926934,0.04304953897234259,7311,True
directed_weighted,out_degree,village_share,ols,0.0004150290176972123,0.00024997582076961546,0.09685881134942528,7311,False
directed_weighted,out_degree,village_pctrank,ols,0.002514553091792137,0.0017890334614047096,0.15986159387666488,7311,False
directed_weighted,out_degree,raw_count,poisson,0.21970554797896463,0.012718588680506685,7.337609219645538e-67,7311,True
directed_weighted,out_degree,raw_count,negbin,0.1837735980338254,0.2818210882817379,0.514341089995651,7311,False
directed_weighted,out_degree,binary,logit,0.0021274747569380767,0.0017963115722384108,0.23627164811635715,7311,False
directed_weighted,total_degree,raw_count,ols,12.154588423057081,0.08858174093721058,0.0,7311,True
directed_weighted,total_degree,village_share,ols,0.021925458599384638,0.0008488591002957176,4.154397845769434e-147,7311,True
directed_weighted,total_degree,village_pctrank,ols,0.09183934608326685,0.001137361649460195,0.0,7311,True
directed_weighted,total_degree,raw_count,poisson,2.4312700568096477,0.010528430359120815,0.0,7311,True
directed_weighted,total_degree,raw_count,negbin,18.153419602056957,0.25414435742156316,0.0,7311,True
directed_weighted,total_degree,binary,logit,0.1821113651411207,0.0010453098231462752,0.0,7311,True
directed_weighted,weighted_in_degree,raw_count,ols,11.061834640171426,0.36415620061500636,1.1186388161957074e-202,7311,True
directed_weighted,weighted_in_degree,village_share,ols,0.021477557510821088,0.0010520981876923784,1.255136761795971e-92,7311,True
directed_weighted,weighted_in_degree,village_pctrank,ols,0.08243316176377195,0.00280756527482454,1.7251565336027794e-189,7311,True
directed_weighted,weighted_in_degree,raw_count,poisson,1.4676262341913349,0.005908994104121691,0.0,7311,True
directed_weighted,weighted_in_degree,raw_count,negbin,4988429.493684977,,,7311,False
directed_weighted,weighted_in_degree,binary,logit,0.1626662005430022,0.001299401543444603,0.0,7311,True
directed_weighted,weighted_out_degree,raw_count,ols,0.731823359072043,0.24392586560717455,0.002698133637727788,7311,True
directed_weighted,weighted_out_degree,village_share,ols,0.000689447388182088,0.00031904843232875835,0.03069927984291392,7311,True
directed_weighted,weighted_out_degree,village_pctrank,ols,0.004263725503705706,0.0018090629938055812,0.018429719245913866,7311,True
directed_weighted,weighted_out_degree,raw_count,poisson,0.33931864160082065,0.012144798762066759,8.863265692271306e-172,7311,True
directed_weighted,weighted_out_degree,raw_count,negbin,0.28713641789308125,0.2811355176582319,0.30709090786753634,7311,False
directed_weighted,weighted_out_degree,binary,logit,0.004239938314777489,0.0017203195138076036,0.01371576405155826,7311,True
directed_weighted,strength,raw_count,ols,10.546985343843575,0.3566389517684134,3.2967714765032496e-192,7311,True
directed_weighted,strength,village_share,ols,0.020266784562108668,0.0010989445356194834,6.041256726280402e-76,7311,True
directed_weighted,strength,village_pctrank,ols,0.07825301885167045,0.0026168864268328986,1.7933545484947268e-196,7311,True
directed_weighted,strength,raw_count,poisson,1.5001551596770766,0.006277502321711575,0.0,7311,True
directed_weighted,strength,raw_count,negbin,2471201.9939731252,,,7311,False
directed_weighted,strength,binary,logit,0.03436826135667167,0.0020729478356712907,9.818073259688434e-62,7311,True
directed_weighted,avg_neighbor_degree,raw_count,ols,0.6098782744934714,0.2515222126633194,0.015318967181940008,7311,True
directed_weighted,avg_neighbor_degree,village_share,ols,0.0006932401862120503,0.00025246126478617264,0.006034020085588139,7311,True
directed_weighted,avg_neighbor_degree,village_pctrank,ols,0.0038619095601607647,0.0018253753575732219,0.03437205956708316,7311,True
directed_weighted,avg_neighbor_degree,raw_count,poisson,0.24480027376846708,0.012949942915750226,1.0657130127943256e-79,7311,True
directed_weighted,avg_neighbor_degree,raw_count,negbin,0.20367314055246227,0.3081730622329607,0.5086731917786814,7311,False
directed_weighted,avg_neighbor_degree,binary,logit,0.0034800808103788105,0.001808291629620714,0.05429030857313819,7311,False
directed_weighted,k_core,raw_count,ols,4.886965126552126,0.3054833198814103,1.3303984995520674e-57,7311,True
directed_weighted,k_core,village_share,ols,0.0066187996082292845,0.00038588176135504257,6.0305964314163e-66,7311,True
directed_weighted,k_core,village_pctrank,ols,0.03926958286486717,0.0022535470263582305,5.268111797622728e-68,7311,True
directed_weighted,k_core,raw_count,poisson,33.55459287621039,0.008455576331688773,0.0,7311,True
directed_weighted,k_core,raw_count,negbin,39.403850947846884,0.931457166465362,0.0,7311,True
directed_weighted,k_core,binary,logit,0.30911179857166005,0.02548300082467526,7.31442604070681e-34,7311,True
directed_weighted,onion_layer,raw_count,ols,5.37794670155125,0.31521060433757714,2.8738455925774974e-65,7311,True
directed_weighted,onion_layer,village_share,ols,0.007573644088599519,0.00043122058647383045,4.708208086635385e-69,7311,True
directed_weighted,onion_layer,village_pctrank,ols,0.04339448402663732,0.002359079252584087,1.449409400728806e-75,7311,True
directed_weighted,onion_layer,raw_count,poisson,35.6984338189588,0.01279439189905617,0.0,7311,True
directed_weighted,onion_layer,raw_count,negbin,42.82989862328434,0.9931390333097866,0.0,7311,True
directed_weighted,onion_layer,binary,logit,0.3049074454685521,0.0226555292960915,2.7475805780386474e-41,7311,True
directed_weighted,harmonic_centrality,raw_count,ols,12.260858898513314,0.08836219268510054,0.0,7311,True
directed_weighted,harmonic_centrality,village_share,ols,0.022309010594646177,0.0007751420635576364,3.758138143978671e-182,7311,True
directed_weighted,harmonic_centrality,village_pctrank,ols,0.09584858934659334,0.0007518341542331561,0.0,7311,True
directed_weighted,harmonic_centrality,raw_count,poisson,3.030409351280638,0.01801051503195439,0.0,7311,True
directed_weighted,harmonic_centrality,raw_count,negbin,7.424959955042389,0.1087428085312839,0.0,7311,True
directed_weighted,harmonic_centrality,binary,logit,0.1909306969288603,0.0005871149590790506,0.0,7311,True
directed_weighted,closeness_centrality,raw_count,ols,12.313048579938144,0.06051719571912443,0.0,7311,True
directed_weighted,closeness_centrality,village_share,ols,0.022389418527498428,0.0007887692907037175,3.074903634437885e-177,7311,True
directed_weighted,closeness_centrality,village_pctrank,ols,0.09554269218131123,0.0009087334961890804,0.0,7311,True
directed_weighted,closeness_centrality,raw_count,poisson,2.806640420862983,0.014799191149074718,0.0,7311,True
directed_weighted,closeness_centrality,raw_count,negbin,9.219058980686686,0.13212607936932558,0.0,7311,True
directed_weighted,closeness_centrality,binary,logit,1.4694078156888835e-09,1.2324381213927384e-06,0.9990487006921157,7311,False
directed_weighted,betweenness_k500,raw_count,ols,5.8138230608429,0.659009037954292,1.1236419415226082e-18,7311,True
directed_weighted,betweenness_k500,village_share,ols,0.00974182176459884,0.0014292263000049495,9.351224005668046e-12,7311,True
directed_weighted,betweenness_k500,village_pctrank,ols,0.04440514754137584,0.005359350437232244,1.1756791133035467e-16,7311,True
directed_weighted,betweenness_k500,raw_count,poisson,0.48197201688449615,0.003647531238542498,0.0,7311,True
directed_weighted,betweenness_k500,raw_count,negbin,20826998935367.48,,,7311,False
directed_weighted,betweenness_k500,binary,logit,4.355439523814753,208474.93545256,0.999983330667815,7311,False
directed_weighted,load_centrality,raw_count,ols,6.249534358390349,0.8211412414741263,2.7242348731483403e-14,7311,True
directed_weighted,load_centrality,village_share,ols,0.010208293704135537,0.0018954924250723115,7.221826852810835e-08,7311,True
directed_weighted,load_centrality,village_pctrank,ols,0.04754880708712147,0.006607609416956483,6.197370266106164e-13,7311,True
directed_weighted,load_centrality,raw_count,poisson,0.41415091497530127,0.0031149156128380795,0.0,7311,True
directed_weighted,load_centrality,raw_count,negbin,2.2943776311752634e+17,,,7311,False
directed_weighted,load_centrality,binary,logit,7.011410253606779,163160.4210244617,0.9999657129103127,7311,False
directed_weighted,pagerank,raw_count,ols,9.760863920243745,0.6500070110001868,5.72072501387772e-51,7311,True
directed_weighted,pagerank,village_share,ols,0.02231894061652104,0.0012537291052758213,6.813608650070669e-71,7311,True
directed_weighted,pagerank,village_pctrank,ols,0.07368224873430192,0.0049826536971047854,1.7572461079625762e-49,7311,True
directed_weighted,pagerank,raw_count,poisson,1.6328134900880151,0.007845629965020596,0.0,7311,True
directed_weighted,pagerank,raw_count,negbin,2.5780024250757084e+18,,,7311,False
directed_weighted,pagerank,binary,logit,0.14594336595040736,0.0015367289941619615,0.0,7311,True
directed_weighted,pagerank_reverse,raw_count,ols,0.5444835289330343,0.2305868489121942,0.01821124694868884,7311,True
directed_weighted,pagerank_reverse,village_share,ols,0.0005152205074195794,0.00027814344336058307,0.06397480622995376,7311,False
directed_weighted,pagerank_reverse,village_pctrank,ols,0.002665009637436573,0.0016378195623101498,0.10370115550819914,7311,False
directed_weighted,pagerank_reverse,raw_count,poisson,0.25544173149886457,0.011921424261099996,7.466533204506329e-102,7311,True
directed_weighted,pagerank_reverse,raw_count,negbin,0.21260894986914805,0.27018957369583657,0.4313473968289804,7311,False
directed_weighted,pagerank_reverse,binary,logit,0.0025595168523305845,0.0017290299130413942,0.1387879776025082,7311,False
directed_weighted,hits_hub,raw_count,ols,1.003897018534124,0.3864648299030072,0.009386648079063978,7311,True
directed_weighted,hits_hub,village_share,ols,0.0007999179430549801,0.0003079401035083689,0.009386648079071979,7311,True
directed_weighted,hits_hub,village_pctrank,ols,0.007277283437686303,0.002860902935781197,0.010968473483030186,7311,True
directed_weighted,hits_hub,raw_count,poisson,0.23188016406486786,0.009032140341063161,2.3543230614682334e-145,7311,True
directed_weighted,hits_hub,raw_count,negbin,0.1932215264440183,0.31224330710200576,0.5360367953691438,7311,False
directed_weighted,hits_hub,binary,logit,0.004307166036217551,0.0013739964934711066,0.001719875993009983,7311,True
directed_weighted,hits_authority,raw_count,ols,2.836632466295328,0.35841347901004045,2.4842142480216487e-15,7311,True
directed_weighted,hits_authority,village_share,ols,0.002260264913382108,0.00028558842948988856,2.4842142479636883e-15,7311,True
directed_weighted,hits_authority,village_pctrank,ols,0.02099406866476489,0.002672267186743355,3.957224651098189e-15,7311,True
directed_weighted,hits_authority,raw_count,poisson,0.26629019850078806,0.004387233319454816,0.0,7311,True
directed_weighted,hits_authority,raw_count,negbin,4565.082442314053,,,7311,False
directed_weighted,hits_authority,binary,logit,0.04179835774235656,0.002323545859301728,0.0,7311,True
directed_weighted,eigenvector,raw_count,ols,2.6421935864546224,0.3898810711845378,1.2276316833304988e-11,7311,True
directed_weighted,eigenvector,village_share,ols,0.002123380154936797,0.00031654565243148216,1.9734444676830638e-11,7311,True
directed_weighted,eigenvector,village_pctrank,ols,0.019533027432348887,0.0027455192915341914,1.1231024336280713e-12,7311,True
directed_weighted,eigenvector,raw_count,poisson,0.24222402626277245,0.004161466840978047,0.0,7311,True
directed_weighted,eigenvector,raw_count,negbin,0.5634547995444584,0.8294268683785577,0.49692860487114,7311,False
directed_weighted,eigenvector,binary,logit,0.03894598596169452,0.0023176927787382983,0.0,7311,True
directed_weighted,katz_centrality,raw_count,ols,7.33669195958671,1.4410234680651566,3.5560490259376705e-07,7311,True
directed_weighted,katz_centrality,village_share,ols,0.011688946319873064,0.002825359223092491,3.516400584546089e-05,7311,True
directed_weighted,katz_centrality,village_pctrank,ols,0.054676634379828136,0.010722160741159947,3.407237820798545e-07,7311,True
directed_weighted,katz_centrality,raw_count,poisson,1.5134366728354833,0.01312791458274568,0.0,7311,True
directed_weighted,katz_centrality,raw_count,negbin,5.5554037243836067e+23,,,7311,False
directed_weighted,katz_centrality,binary,logit,0.10812575156121915,0.0019784742738677805,0.0,7311,True
directed_weighted,katz_prestige_in,raw_count,ols,1.1703962454090107,0.36429445046626985,0.0013145905179913326,7311,True
directed_weighted,katz_prestige_in,village_share,ols,0.0010456666124631273,0.00031959598989415264,0.0010685041794511636,7311,True
directed_weighted,katz_prestige_in,village_pctrank,ols,0.008077679998051885,0.0026927960517426,0.002702127976644651,7311,True
directed_weighted,katz_prestige_in,raw_count,poisson,0.2898423074234394,0.009152872477006387,4.4509635179756934e-220,7311,True
directed_weighted,katz_prestige_in,raw_count,negbin,0.24248332380456372,0.2904444843228854,0.40379102940681855,7311,False
directed_weighted,katz_prestige_in,binary,logit,0.005076956937981417,0.0014050939881891692,0.00030238199675752553,7311,True
directed_weighted,constraint,raw_count,ols,-7.747302373525501,0.4610151187960175,2.2477830067402915e-63,3030,True
directed_weighted,constraint,village_share,ols,-0.0193128746866676,0.0014782884015581868,5.26333763198415e-39,3030,True
directed_weighted,constraint,village_pctrank,ols,-0.06702899891115328,0.0038634879106196726,1.9949317988419115e-67,3030,True
directed_weighted,constraint,raw_count,poisson,-32.7553640159978,0.21744885561717409,0.0,3030,True
directed_weighted,constraint,raw_count,negbin,-22.069650029422444,0.44812281117076364,0.0,3030,True
directed_weighted,constraint,binary,logit,-0.349075441982952,0.021210203665159525,7.36084594132216e-61,3030,True
directed_weighted,effective_size,raw_count,ols,19.487696093733028,0.08736943968844449,0.0,3030,True
directed_weighted,effective_size,village_share,ols,0.03755940785306701,0.001167071254592904,3.0900848351355317e-227,3030,True
directed_weighted,effective_size,village_pctrank,ols,0.1464240048784024,0.0018684547582432096,0.0,3030,True
directed_weighted,effective_size,raw_count,poisson,7.337245331079738,0.03708974300583013,0.0,3030,True
directed_weighted,effective_size,raw_count,negbin,49.52209806683852,1.126453925974987,0.0,3030,True
directed_weighted,effective_size,binary,logit,0.2900498977293575,0.0021799454099225516,0.0,3030,True
directed_weighted,clustering,raw_count,ols,-0.768285458749105,0.08637084069792667,5.831687810459587e-19,7311,True
directed_weighted,clustering,village_share,ols,-0.0019270634572140703,0.0002357306966196519,2.9623030695581094e-16,7311,True
directed_weighted,clustering,village_pctrank,ols,-0.0062867320978764645,0.0006482781132774679,3.087192154498317e-22,7311,True
directed_weighted,clustering,raw_count,poisson,-1.2941662058162673,0.03313015905646759,0.0,7311,True
directed_weighted,clustering,raw_count,negbin,-1.3104437126028252,1.568494492243686,0.40344824439439164,7311,False
directed_weighted,clustering,binary,logit,-0.021479852832304323,0.0042675091518469144,4.819904394125935e-07,7311,True
directed_weighted,triangles,raw_count,ols,9.331433026575965,0.7819738195638409,7.947985767790588e-33,7311,True
directed_weighted,triangles,village_share,ols,0.010902146701960201,0.0014395395769489976,3.637018613153609e-14,7311,True
directed_weighted,triangles,village_pctrank,ols,0.06505075261422816,0.005894453107365393,2.563945208925811e-28,7311,True
directed_weighted,triangles,raw_count,poisson,1.118882754857422,0.009339781278021896,0.0,7311,True
directed_weighted,triangles,raw_count,negbin,1.1675615600223616e+16,,,7311,False
directed_weighted,triangles,binary,logit,0.12755491373735267,0.0019277082495129712,0.0,7311,True
directed_weighted,square_clustering,raw_count,ols,0.6182258428460468,0.09465443477252199,6.515832958232186e-11,7311,True
directed_weighted,square_clustering,village_share,ols,0.0009658199603841327,0.000200444700074058,1.4472409156129302e-06,7311,True
directed_weighted,square_clustering,village_pctrank,ols,0.006511846483496323,0.0007988958677951927,3.60754298480592e-16,7311,True
directed_weighted,square_clustering,raw_count,poisson,0.5129919986691116,0.017903803781057704,1.4843356728640788e-180,7311,True
directed_weighted,square_clustering,raw_count,negbin,0.4694589808958903,1.3689082609788283,0.7316405311503466,7311,False
directed_weighted,square_clustering,binary,logit,0.011865302471205664,0.0023552100369355878,4.7067783874024207e-07,7311,True
directed_weighted,proximity_prestige,raw_count,ols,12.31304857993814,0.06051719571912449,0.0,7311,True
directed_weighted,proximity_prestige,village_share,ols,0.022389418527498414,0.000788769290703717,3.074903634437885e-177,7311,True
directed_weighted,proximity_prestige,village_pctrank,ols,0.095542692181311,0.000908733496189075,0.0,7311,True
directed_weighted,proximity_prestige,raw_count,poisson,2.806640420862992,0.014799191149074733,0.0,7311,True
directed_weighted,proximity_prestige,raw_count,negbin,9.219058980688082,0.13212607936934653,0.0,7311,True
directed_weighted,proximity_prestige,binary,logit,0.1901495437746208,0.0006214389883598492,0.0,7311,True
directed_binary,in_degree,raw_count,ols,12.380767414468394,9.461127704972701e-16,0.0,7311,True
directed_binary,in_degree,village_share,ols,0.022485440654658344,0.0008120183668118102,9.010610138171818e-169,7311,True
directed_binary,in_degree,village_pctrank,ols,0.09396353318367782,0.0011211648724127304,0.0,7311,True
directed_binary,in_degree,raw_count,poisson,2.482482555425754,0.011565662574767032,0.0,7311,True
directed_binary,in_degree,raw_count,negbin,9.020434957581266,0.12053465457721649,0.0,7311,True
directed_binary,in_degree,binary,logit,0.1865717025383331,0.0007559728007188506,0.0,7311,True
directed_binary,out_degree,raw_count,ols,0.5254031896285403,0.25968547270926934,0.04304953897234259,7311,True
directed_binary,out_degree,village_share,ols,0.0004150290176972123,0.00024997582076961546,0.09685881134942528,7311,False
directed_binary,out_degree,village_pctrank,ols,0.002514553091792137,0.0017890334614047096,0.15986159387666488,7311,False
directed_binary,out_degree,raw_count,poisson,0.21970554797896463,0.012718588680506685,7.337609219645538e-67,7311,True
directed_binary,out_degree,raw_count,negbin,0.1837735980338254,0.2818210882817379,0.514341089995651,7311,False
directed_binary,out_degree,binary,logit,0.0021274747569380767,0.0017963115722384108,0.23627164811635715,7311,False
directed_binary,total_degree,raw_count,ols,12.154588423057081,0.08858174093721058,0.0,7311,True
directed_binary,total_degree,village_share,ols,0.021925458599384638,0.0008488591002957176,4.154397845769434e-147,7311,True
directed_binary,total_degree,village_pctrank,ols,0.09183934608326685,0.001137361649460195,0.0,7311,True
directed_binary,total_degree,raw_count,poisson,2.4312700568096477,0.010528430359120815,0.0,7311,True
directed_binary,total_degree,raw_count,negbin,18.153419602056957,0.25414435742156316,0.0,7311,True
directed_binary,total_degree,binary,logit,0.1821113651411207,0.0010453098231462752,0.0,7311,True
directed_binary,weighted_in_degree,raw_count,ols,12.380767414468394,9.461127704972701e-16,0.0,7311,True
directed_binary,weighted_in_degree,village_share,ols,0.022485440654658344,0.0008120183668118102,9.010610138171818e-169,7311,True
directed_binary,weighted_in_degree,village_pctrank,ols,0.09396353318367782,0.0011211648724127304,0.0,7311,True
directed_binary,weighted_in_degree,raw_count,poisson,2.482482555425754,0.011565662574767032,0.0,7311,True
directed_binary,weighted_in_degree,raw_count,negbin,9.020434957581266,0.12053465457721649,0.0,7311,True
directed_binary,weighted_in_degree,binary,logit,0.1865717025383331,0.0007559728007188506,0.0,7311,True
directed_binary,weighted_out_degree,raw_count,ols,0.5254031896285403,0.25968547270926934,0.04304953897234259,7311,True
directed_binary,weighted_out_degree,village_share,ols,0.0004150290176972123,0.00024997582076961546,0.09685881134942528,7311,False
directed_binary,weighted_out_degree,village_pctrank,ols,0.002514553091792137,0.0017890334614047096,0.15986159387666488,7311,False
directed_binary,weighted_out_degree,raw_count,poisson,0.21970554797896463,0.012718588680506685,7.337609219645538e-67,7311,True
directed_binary,weighted_out_degree,raw_count,negbin,0.1837735980338254,0.2818210882817379,0.514341089995651,7311,False
directed_binary,weighted_out_degree,binary,logit,0.0021274747569380767,0.0017963115722384108,0.23627164811635715,7311,False
directed_binary,strength,raw_count,ols,12.154588423057081,0.08858174093721058,0.0,7311,True
directed_binary,strength,village_share,ols,0.021925458599384638,0.0008488591002957176,4.154397845769434e-147,7311,True
directed_binary,strength,village_pctrank,ols,0.09183934608326685,0.001137361649460195,0.0,7311,True
directed_binary,strength,raw_count,poisson,2.4312700568096477,0.010528430359120815,0.0,7311,True
directed_binary,strength,raw_count,negbin,18.153419602056957,0.25414435742156316,0.0,7311,True
directed_binary,strength,binary,logit,0.1821113651411207,0.0010453098231462752,0.0,7311,True
directed_binary,avg_neighbor_degree,raw_count,ols,0.6426358106476293,0.24354020063961768,0.008321826033605395,7311,True
directed_binary,avg_neighbor_degree,village_share,ols,0.0007128695963739293,0.00025352572701447536,0.004926152680956152,7311,True
directed_binary,avg_neighbor_degree,village_pctrank,ols,0.004229049850284987,0.0018063486540749816,0.019221115070555073,7311,True
directed_binary,avg_neighbor_degree,raw_count,poisson,0.2761057991984298,0.013836188939194603,1.3471446114244155e-88,7311,True
directed_binary,avg_neighbor_degree,raw_count,negbin,0.23093359799235816,0.3204695193035934,0.4711493887264585,7311,False
directed_binary,avg_neighbor_degree,binary,logit,0.004013512106822331,0.0019035109883108754,0.03498961541799273,7311,True
directed_binary,k_core,raw_count,ols,4.886965126552126,0.3054833198814103,1.3303984995520674e-57,7311,True
directed_binary,k_core,village_share,ols,0.0066187996082292845,0.00038588176135504257,6.0305964314163e-66,7311,True
directed_binary,k_core,village_pctrank,ols,0.03926958286486717,0.0022535470263582305,5.268111797622728e-68,7311,True
directed_binary,k_core,raw_count,poisson,33.55459287621039,0.008455576331688773,0.0,7311,True
directed_binary,k_core,raw_count,negbin,39.403850947846884,0.931457166465362,0.0,7311,True
directed_binary,k_core,binary,logit,0.30911179857166005,0.02548300082467526,7.31442604070681e-34,7311,True
directed_binary,onion_layer,raw_count,ols,5.37794670155125,0.31521060433757714,2.8738455925774974e-65,7311,True
directed_binary,onion_layer,village_share,ols,0.007573644088599519,0.00043122058647383045,4.708208086635385e-69,7311,True
directed_binary,onion_layer,village_pctrank,ols,0.04339448402663732,0.002359079252584087,1.449409400728806e-75,7311,True
directed_binary,onion_layer,raw_count,poisson,35.6984338189588,0.01279439189905617,0.0,7311,True
directed_binary,onion_layer,raw_count,negbin,42.82989862328434,0.9931390333097866,0.0,7311,True
directed_binary,onion_layer,binary,logit,0.3049074454685521,0.0226555292960915,2.7475805780386474e-41,7311,True
directed_binary,harmonic_centrality,raw_count,ols,12.260858898513314,0.08836219268510054,0.0,7311,True
directed_binary,harmonic_centrality,village_share,ols,0.022309010594646177,0.0007751420635576364,3.758138143978671e-182,7311,True
directed_binary,harmonic_centrality,village_pctrank,ols,0.09584858934659334,0.0007518341542331561,0.0,7311,True
directed_binary,harmonic_centrality,raw_count,poisson,3.030409351280638,0.01801051503195439,0.0,7311,True
directed_binary,harmonic_centrality,raw_count,negbin,7.424959955042389,0.1087428085312839,0.0,7311,True
directed_binary,harmonic_centrality,binary,logit,0.1909306969288603,0.0005871149590790506,0.0,7311,True
directed_binary,closeness_centrality,raw_count,ols,12.313048579938144,0.06051719571912443,0.0,7311,True
directed_binary,closeness_centrality,village_share,ols,0.022389418527498428,0.0007887692907037175,3.074903634437885e-177,7311,True
directed_binary,closeness_centrality,village_pctrank,ols,0.09554269218131123,0.0009087334961890804,0.0,7311,True
directed_binary,closeness_centrality,raw_count,poisson,2.806640420862983,0.014799191149074718,0.0,7311,True
directed_binary,closeness_centrality,raw_count,negbin,9.219058980686686,0.13212607936932558,0.0,7311,True
directed_binary,closeness_centrality,binary,logit,1.4694078156888835e-09,1.2324381213927384e-06,0.9990487006921157,7311,False
directed_binary,betweenness_k500,raw_count,ols,5.184053086851884,0.8645224238309056,2.016954749249175e-09,7311,True
directed_binary,betweenness_k500,village_share,ols,0.00955970335604328,0.0014656611824347128,6.91676281581107e-11,7311,True
directed_binary,betweenness_k500,village_pctrank,ols,0.03935701245923836,0.006574288578290776,2.1439779790093714e-09,7311,True
directed_binary,betweenness_k500,raw_count,poisson,0.4562011799166101,0.0034746667919533245,0.0,7311,True
directed_binary,betweenness_k500,raw_count,negbin,-inf,,,7311,False
directed_binary,betweenness_k500,binary,logit,8.194748608795823,,,7311,False
directed_binary,load_centrality,raw_count,ols,6.087377211296829,0.9886005951254938,7.386966922416985e-10,7311,True
directed_binary,load_centrality,village_share,ols,0.011448696576712766,0.0014431335116654653,2.1353454918174376e-15,7311,True
directed_binary,load_centrality,village_pctrank,ols,0.045820066500912256,0.00739080604076932,5.660560698437513e-10,7311,True
directed_binary,load_centrality,raw_count,poisson,0.6580162254073884,0.004398348876026889,0.0,7311,True
directed_binary,load_centrality,raw_count,negbin,6.087377211296846,0.12472039206411151,0.0,7311,True
directed_binary,load_centrality,binary,logit,40.14596924647181,293088.66963342164,0.9998907093577513,7311,False
directed_binary,pagerank,raw_count,ols,10.310224660169625,0.45418409287312717,4.425160230411093e-114,7311,True
directed_binary,pagerank,village_share,ols,0.0241790733248866,0.0008751731590930074,5.164649917740424e-168,7311,True
directed_binary,pagerank,village_pctrank,ols,0.08016956902317798,0.003703549777945011,6.531488742440103e-104,7311,True
directed_binary,pagerank,raw_count,poisson,2.4023238194204364,0.011544111717364818,0.0,7311,True
directed_binary,pagerank,raw_count,negbin,2106190861.4663363,,,7311,False
directed_binary,pagerank,binary,logit,0.15936469099505443,0.0013416414047056336,0.0,7311,True
directed_binary,pagerank_reverse,raw_count,ols,0.5383781213758362,0.23079110028665842,0.01966122883417197,7311,True
directed_binary,pagerank_reverse,village_share,ols,0.0004659448795596178,0.0002589511145110026,0.07196260600222172,7311,False
directed_binary,pagerank_reverse,village_pctrank,ols,0.002450729559618786,0.001642912297815011,0.1357782425482045,7311,False
directed_binary,pagerank_reverse,raw_count,poisson,0.2675563112835741,0.013382364835526236,6.31140551841728e-89,7311,True
directed_binary,pagerank_reverse,raw_count,negbin,0.22263646934909534,0.2731805378541345,0.4150841887020875,7311,False
directed_binary,pagerank_reverse,binary,logit,0.0023296122536710377,0.0018362397161712258,0.2045529546406578,7311,False
directed_binary,hits_hub,raw_count,ols,0.11531746419543869,0.3621240116941604,0.7501455583678474,7311,False
directed_binary,hits_hub,village_share,ols,5.141215523647333e-05,0.0001614462825208029,0.7501455583679084,7311,False
directed_binary,hits_hub,village_pctrank,ols,0.00020067031409391243,0.0023290357658253933,0.9313390255625957,7311,False
directed_binary,hits_hub,raw_count,poisson,0.03165460121472351,0.01144636481816344,0.0056840487478895686,7311,True
directed_binary,hits_hub,raw_count,negbin,0.026333542603763842,0.2865221494750008,0.9267715099451708,7311,False
directed_binary,hits_hub,binary,logit,-0.0001315887483964871,0.001713696092156965,0.9387933795974622,7311,False
directed_binary,hits_authority,raw_count,ols,4.849077470502649,0.012343118342946838,0.0,7311,True
directed_binary,hits_authority,village_share,ols,0.002161871364468403,5.50295066560299e-06,0.0,7311,True
directed_binary,hits_authority,village_pctrank,ols,0.03181100604536639,0.00042464827843687367,0.0,7311,True
directed_binary,hits_authority,raw_count,poisson,0.7548883779412224,0.013494159145628255,0.0,7311,True
directed_binary,hits_authority,raw_count,negbin,0.6505359907651056,0.7312372631505241,0.3736606369925958,7311,False
directed_binary,hits_authority,binary,logit,0.0629492639567541,0.0023038758549625673,0.0,7311,True
directed_binary,eigenvector,raw_count,ols,3.4066436459688525,0.08515071713914614,0.0,7311,True
directed_binary,eigenvector,village_share,ols,0.0027087057255712615,6.77100422548324e-05,0.0,7311,True
directed_binary,eigenvector,village_pctrank,ols,0.025377128282632118,0.0005766139620323802,0.0,7311,True
directed_binary,eigenvector,raw_count,poisson,0.6050993712870298,0.01394709944624107,0.0,7311,True
directed_binary,eigenvector,raw_count,negbin,0.5168576306971283,0.6453096915353049,0.4231634334634289,7311,False
directed_binary,eigenvector,binary,logit,0.050377248316971254,0.0023362832503456693,0.0,7311,True
directed_binary,katz_centrality,raw_count,ols,10.16296636577779,0.7373612994157501,3.230952789646827e-43,7311,True
directed_binary,katz_centrality,village_share,ols,0.014293011525283537,0.0014920148206604865,9.735429316121934e-22,7311,True
directed_binary,katz_centrality,village_pctrank,ols,0.07560843670788203,0.005553253750503661,3.2543355300294146e-42,7311,True
directed_binary,katz_centrality,raw_count,poisson,4.285446133132005,0.020438955189012283,0.0,7311,True
directed_binary,katz_centrality,raw_count,negbin,5.6108491013657544e+16,,,7311,False
directed_binary,katz_centrality,binary,logit,0.15012436298123333,0.001591244824743317,0.0,7311,True
directed_binary,katz_prestige_in,raw_count,ols,0.8894248675818217,0.3258931235540865,0.006348974903398791,7311,True
directed_binary,katz_prestige_in,village_share,ols,0.0007266943920726416,0.00024319021913328477,0.002806508502870893,7311,True
directed_binary,katz_prestige_in,village_pctrank,ols,0.005547041664866345,0.002287415035453797,0.015307276955829386,7311,True
directed_binary,katz_prestige_in,raw_count,poisson,0.29503791145510483,0.013064306700557289,6.294479075194894e-113,7311,True
directed_binary,katz_prestige_in,raw_count,negbin,0.24594338312703617,0.3149436478386422,0.4348540498055802,7311,False
directed_binary,katz_prestige_in,binary,logit,0.004128725432841893,0.0018127293458662693,0.022748674534804898,7311,True
directed_binary,constraint,raw_count,ols,-4.957417289904216,0.36868315050186695,3.237496457047931e-41,3030,True
directed_binary,constraint,village_share,ols,-0.013387161382844445,0.0013067673178398167,1.2528715982560179e-24,3030,True
directed_binary,constraint,village_pctrank,ols,-0.0461832682550923,0.003415541673677313,1.1676030880099053e-41,3030,True
directed_binary,constraint,raw_count,poisson,-55.00471396313622,0.3648983878605439,0.0,3030,True
directed_binary,constraint,raw_count,negbin,-54.85120934656692,1.2422035895769648,0.0,3030,True
directed_binary,constraint,binary,logit,-0.6565240651242323,0.0515746288609532,4.049414448387609e-37,3030,True
directed_binary,effective_size,raw_count,ols,18.920805256977296,0.1091532484384936,0.0,3030,True
directed_binary,effective_size,village_share,ols,0.037096113147380344,0.0010678633706847202,2.0579316016043468e-264,3030,True
directed_binary,effective_size,village_pctrank,ols,0.14295483127977027,0.0019232155947891028,0.0,3030,True
directed_binary,effective_size,raw_count,poisson,7.410602338974142,0.03873066455328976,0.0,3030,True
directed_binary,effective_size,raw_count,negbin,40.80867473659831,0.7350055304009213,0.0,3030,True
directed_binary,effective_size,binary,logit,0.28349896197390534,0.0020237016228746947,0.0,3030,True
directed_binary,clustering,raw_count,ols,-1.0863625047344072,0.11087703750078523,1.149466668309101e-22,7311,True
directed_binary,clustering,village_share,ols,-0.0025955875330832007,0.00027255331786469944,1.6788064625429734e-21,7311,True
directed_binary,clustering,village_pctrank,ols,-0.00844691443121832,0.0007967953230027692,2.944659653385227e-26,7311,True
directed_binary,clustering,raw_count,poisson,-1.1472641541469537,0.023423164206317473,0.0,7311,True
directed_binary,clustering,raw_count,negbin,-0.8648485106923793,,,7311,False
directed_binary,clustering,binary,logit,-0.018792235969272198,0.0030163520622972164,4.660773796634186e-10,7311,True
directed_binary,triangles,raw_count,ols,9.331433026575965,0.7819738195638409,7.947985767790588e-33,7311,True
directed_binary,triangles,village_share,ols,0.010902146701960201,0.0014395395769489976,3.637018613153609e-14,7311,True
directed_binary,triangles,village_pctrank,ols,0.06505075261422816,0.005894453107365393,2.563945208925811e-28,7311,True
directed_binary,triangles,raw_count,poisson,1.118882754857422,0.009339781278021896,0.0,7311,True
directed_binary,triangles,raw_count,negbin,1.1675615600223616e+16,,,7311,False
directed_binary,triangles,binary,logit,0.12755491373735267,0.0019277082495129712,0.0,7311,True
directed_binary,square_clustering,raw_count,ols,0.6182258428460468,0.09465443477252199,6.515832958232186e-11,7311,True
directed_binary,square_clustering,village_share,ols,0.0009658199603841327,0.000200444700074058,1.4472409156129302e-06,7311,True
directed_binary,square_clustering,village_pctrank,ols,0.006511846483496323,0.0007988958677951927,3.60754298480592e-16,7311,True
directed_binary,square_clustering,raw_count,poisson,0.5129919986691116,0.017903803781057704,1.4843356728640788e-180,7311,True
directed_binary,square_clustering,raw_count,negbin,0.4694589808958903,1.3689082609788283,0.7316405311503466,7311,False
directed_binary,square_clustering,binary,logit,0.011865302471205664,0.0023552100369355878,4.7067783874024207e-07,7311,True
directed_binary,proximity_prestige,raw_count,ols,12.31304857993814,0.06051719571912449,0.0,7311,True
directed_binary,proximity_prestige,village_share,ols,0.022389418527498414,0.000788769290703717,3.074903634437885e-177,7311,True
directed_binary,proximity_prestige,village_pctrank,ols,0.095542692181311,0.000908733496189075,0.0,7311,True
directed_binary,proximity_prestige,raw_count,poisson,2.806640420862992,0.014799191149074733,0.0,7311,True
directed_binary,proximity_prestige,raw_count,negbin,9.219058980688082,0.13212607936934653,0.0,7311,True
directed_binary,proximity_prestige,binary,logit,0.1901495437746208,0.0006214389883598492,0.0,7311,True
undirected_weighted,in_degree,raw_count,ols,12.141113548498506,0.07857227372010371,0.0,7311,True
undirected_weighted,in_degree,village_share,ols,0.02215321984522841,0.0008167454434108324,5.163612483027306e-162,7311,True
undirected_weighted,in_degree,village_pctrank,ols,0.09189752661649757,0.001061719380039609,0.0,7311,True
undirected_weighted,in_degree,raw_count,poisson,2.5001685423763735,0.010951725703360069,0.0,7311,True
undirected_weighted,in_degree,raw_count,negbin,12.159671627784824,0.1644171036546562,0.0,7311,True
undirected_weighted,in_degree,binary,logit,0.18228759208951462,0.0010403842265896764,0.0,7311,True
undirected_weighted,out_degree,raw_count,ols,12.141113548498506,0.07857227372010371,0.0,7311,True
undirected_weighted,out_degree,village_share,ols,0.02215321984522841,0.0008167454434108324,5.163612483027306e-162,7311,True
undirected_weighted,out_degree,village_pctrank,ols,0.09189752661649757,0.001061719380039609,0.0,7311,True
undirected_weighted,out_degree,raw_count,poisson,2.5001685423763735,0.010951725703360069,0.0,7311,True
undirected_weighted,out_degree,raw_count,negbin,12.159671627784824,0.1644171036546562,0.0,7311,True
undirected_weighted,out_degree,binary,logit,0.18228759208951462,0.0010403842265896764,0.0,7311,True
undirected_weighted,total_degree,raw_count,ols,12.141113548498035,0.07857227372010088,0.0,7311,True
undirected_weighted,total_degree,village_share,ols,0.02215321984522755,0.0008167454434108006,5.163612483027306e-162,7311,True
undirected_weighted,total_degree,village_pctrank,ols,0.09189752661649453,0.0010617193800395702,0.0,7311,True
undirected_weighted,total_degree,raw_count,poisson,2.5001685423762696,0.01095172570335965,0.0,7311,True
undirected_weighted,total_degree,raw_count,negbin,12.159671627789937,0.16441710365473147,0.0,7311,True
undirected_weighted,total_degree,binary,logit,0.1822875920895079,0.0010403842265896376,0.0,7311,True
undirected_weighted,weighted_in_degree,raw_count,ols,10.630511370347039,0.3110699489983734,5.881268999377736e-256,7311,True
undirected_weighted,weighted_in_degree,village_share,ols,0.02078475685612563,0.0009756791505342025,1.0679616925207305e-100,7311,True
undirected_weighted,weighted_in_degree,village_pctrank,ols,0.07893768831122178,0.002317517203493297,2.759747395732082e-254,7311,True
undirected_weighted,weighted_in_degree,raw_count,poisson,1.5194526839502644,0.006091042041573983,0.0,7311,True
undirected_weighted,weighted_in_degree,raw_count,negbin,189714.17660950992,,,7311,False
undirected_weighted,weighted_in_degree,binary,logit,0.032739575121599286,0.001964323762650771,2.2737149418119287e-62,7311,True
undirected_weighted,weighted_out_degree,raw_count,ols,10.630511370347039,0.3110699489983734,5.881268999377736e-256,7311,True
undirected_weighted,weighted_out_degree,village_share,ols,0.02078475685612563,0.0009756791505342025,1.0679616925207305e-100,7311,True
undirected_weighted,weighted_out_degree,village_pctrank,ols,0.07893768831122178,0.002317517203493297,2.759747395732082e-254,7311,True
undirected_weighted,weighted_out_degree,raw_count,poisson,1.5194526839502644,0.006091042041573983,0.0,7311,True
undirected_weighted,weighted_out_degree,raw_count,negbin,189714.17660950992,,,7311,False
undirected_weighted,weighted_out_degree,binary,logit,0.032739575121599286,0.001964323762650771,2.2737149418119287e-62,7311,True
undirected_weighted,strength,raw_count,ols,10.630511370329105,0.31106994899784807,5.88126899936435e-256,7311,True
undirected_weighted,strength,village_share,ols,0.020784756856090568,0.0009756791505325566,1.0679616925207305e-100,7311,True
undirected_weighted,strength,village_pctrank,ols,0.07893768831108854,0.002317517203489383,2.759747395729256e-254,7311,True
undirected_weighted,strength,raw_count,poisson,1.519452683947708,0.006091042041563745,0.0,7311,True
undirected_weighted,strength,raw_count,negbin,189714.17660921303,,,7311,False
undirected_weighted,strength,binary,logit,0.03273957512154408,0.001964323762647446,2.2737149418075182e-62,7311,True
undirected_weighted,avg_neighbor_degree,raw_count,ols,-1.2118300710378842,0.11001695138264393,3.237537940642445e-28,7311,True
undirected_weighted,avg_neighbor_degree,village_share,ols,-0.002829273705183688,0.0002603036952385181,1.6174250682551375e-27,7311,True
undirected_weighted,avg_neighbor_degree,village_pctrank,ols,-0.009567425872151635,0.0007908212213801574,1.0809774799847622e-33,7311,True
undirected_weighted,avg_neighbor_degree,raw_count,poisson,-1.183938158709125,0.021491190615618765,0.0,7311,True
undirected_weighted,avg_neighbor_degree,raw_count,negbin,-0.8904491152429695,,,7311,False
undirected_weighted,avg_neighbor_degree,binary,logit,-0.019998136674352487,0.0027844611294940936,6.867422472526548e-13,7311,True
undirected_weighted,k_core,raw_count,ols,4.886965126552126,0.3054833198814103,1.3303984995520674e-57,7311,True
undirected_weighted,k_core,village_share,ols,0.0066187996082292845,0.00038588176135504257,6.0305964314163e-66,7311,True
undirected_weighted,k_core,village_pctrank,ols,0.03926958286486717,0.0022535470263582305,5.268111797622728e-68,7311,True
undirected_weighted,k_core,raw_count,poisson,33.55459287621039,0.008455576331688773,0.0,7311,True
undirected_weighted,k_core,raw_count,negbin,39.403850947846884,0.931457166465362,0.0,7311,True
undirected_weighted,k_core,binary,logit,0.30911179857166005,0.02548300082467526,7.31442604070681e-34,7311,True
undirected_weighted,onion_layer,raw_count,ols,5.37794670155125,0.31521060433757714,2.8738455925774974e-65,7311,True
undirected_weighted,onion_layer,village_share,ols,0.007573644088599519,0.00043122058647383045,4.708208086635385e-69,7311,True
undirected_weighted,onion_layer,village_pctrank,ols,0.04339448402663732,0.002359079252584087,1.449409400728806e-75,7311,True
undirected_weighted,onion_layer,raw_count,poisson,35.6984338189588,0.01279439189905617,0.0,7311,True
undirected_weighted,onion_layer,raw_count,negbin,42.82989862328434,0.9931390333097866,0.0,7311,True
undirected_weighted,onion_layer,binary,logit,0.3049074454685521,0.0226555292960915,2.7475805780386474e-41,7311,True
undirected_weighted,harmonic_centrality,raw_count,ols,5.633294443952301,0.2867050959470428,5.9672168923531236e-86,7311,True
undirected_weighted,harmonic_centrality,village_share,ols,0.01025943746473712,0.0006152771681370716,2.008944397525749e-62,7311,True
undirected_weighted,harmonic_centrality,village_pctrank,ols,0.044861485376187636,0.00210364375164103,6.569220268805205e-101,7311,True
undirected_weighted,harmonic_centrality,raw_count,poisson,8.45475966298171,0.04169266637791934,0.0,7311,True
undirected_weighted,harmonic_centrality,raw_count,negbin,8.753290480148662,0.1436622716895017,0.0,7311,True
undirected_weighted,harmonic_centrality,binary,logit,0.06119341587999018,0.0052758603825148395,4.181129696937473e-31,7311,True
undirected_weighted,closeness_centrality,raw_count,ols,5.356375796985712,0.28346511506497585,1.2287808389144426e-79,7311,True
undirected_weighted,closeness_centrality,village_share,ols,0.009584908264953758,0.0005896800379291064,2.0781847435947725e-59,7311,True
undirected_weighted,closeness_centrality,village_pctrank,ols,0.04205663805304535,0.0020423180341897955,3.197428172309087e-94,7311,True
undirected_weighted,closeness_centrality,raw_count,poisson,7.719794562193409,0.03637996676787136,0.0,7311,True
undirected_weighted,closeness_centrality,raw_count,negbin,6.991981725594799,0.12129363833807802,0.0,7311,True
undirected_weighted,closeness_centrality,binary,logit,0.10614327928844283,0.007752285822957054,1.1355099173717663e-42,7311,True
undirected_weighted,betweenness_k500,raw_count,ols,8.114687737140585,0.6432439561548219,1.739894169120447e-36,7311,True
undirected_weighted,betweenness_k500,village_share,ols,0.02039586248613325,0.0016297972306738772,6.231132352333429e-36,7311,True
undirected_weighted,betweenness_k500,village_pctrank,ols,0.06814798351554857,0.005246026047190703,1.3869791090625132e-38,7311,True
undirected_weighted,betweenness_k500,raw_count,poisson,0.999919817138938,0.0056044515357259895,0.0,7311,True
undirected_weighted,betweenness_k500,raw_count,negbin,96441653874617.53,,,7311,False
undirected_weighted,betweenness_k500,binary,logit,0.13643821028085934,0.0016446706931530302,0.0,7311,True
undirected_weighted,load_centrality,raw_count,ols,9.234683544723088,0.42425104987223,4.765686982635913e-105,7311,True
undirected_weighted,load_centrality,village_share,ols,0.022780753252776342,0.0009928642898669859,1.672914004314857e-116,7311,True
undirected_weighted,load_centrality,village_pctrank,ols,0.077229064951803,0.0035777090643591795,2.4223628569838184e-103,7311,True
undirected_weighted,load_centrality,raw_count,poisson,1.314625325647135,0.00585509367474917,0.0,7311,True
undirected_weighted,load_centrality,raw_count,negbin,7901895.363922725,,,7311,False
undirected_weighted,load_centrality,binary,logit,0.15473043472110837,0.0013998872408146096,0.0,7311,True
undirected_weighted,pagerank,raw_count,ols,9.981531198487147,0.4288675805524362,8.10156776215279e-120,7311,True
undirected_weighted,pagerank,village_share,ols,0.02405324959749955,0.0006766159632575347,8.506671912203328e-277,7311,True
undirected_weighted,pagerank,village_pctrank,ols,0.07628741144739533,0.003370508848139212,2.0148904699267654e-113,7311,True
undirected_weighted,pagerank,raw_count,poisson,1.5453269121231592,0.006343825448215492,0.0,7311,True
undirected_weighted,pagerank,raw_count,negbin,154890440904.7025,,,7311,False
undirected_weighted,pagerank,binary,logit,0.15086088672988746,0.00146549764368126,0.0,7311,True
undirected_weighted,pagerank_reverse,raw_count,ols,9.981531198487147,0.4288675805524362,8.10156776215279e-120,7311,True
undirected_weighted,pagerank_reverse,village_share,ols,0.02405324959749955,0.0006766159632575347,8.506671912203328e-277,7311,True
undirected_weighted,pagerank_reverse,village_pctrank,ols,0.07628741144739533,0.003370508848139212,2.0148904699267654e-113,7311,True
undirected_weighted,pagerank_reverse,raw_count,poisson,1.5453269121231592,0.006343825448215492,0.0,7311,True
undirected_weighted,pagerank_reverse,raw_count,negbin,154890440904.7025,,,7311,False
undirected_weighted,pagerank_reverse,binary,logit,0.15086088672988746,0.00146549764368126,0.0,7311,True
undirected_weighted,hits_hub,raw_count,ols,2.3702705926168037,0.280290041555889,2.755403302432719e-17,7311,True
undirected_weighted,hits_hub,village_share,ols,0.00188866182678632,0.00022333867853058782,2.7554033024294636e-17,7311,True
undirected_weighted,hits_hub,village_pctrank,ols,0.01746253254117479,0.002015370950181312,4.5280628737289764e-18,7311,True
undirected_weighted,hits_hub,raw_count,poisson,0.3354859925650618,0.0063248322554442325,0.0,7311,True
undirected_weighted,hits_hub,raw_count,negbin,0.2811405159224024,0.3936343010616474,0.4750926823279603,7311,False
undirected_weighted,hits_hub,binary,logit,0.01071719675579531,0.002093269540770746,3.0580147037645176e-07,7311,True
undirected_weighted,hits_authority,raw_count,ols,2.3702705926167997,0.28029004155588916,2.7554033024331753e-17,7311,True
undirected_weighted,hits_authority,village_share,ols,0.001888661826786308,0.00022333867853058828,2.7554033024311122e-17,7311,True
undirected_weighted,hits_authority,village_pctrank,ols,0.017462532541174795,0.0020153709501813137,4.528062873729073e-18,7311,True
undirected_weighted,hits_authority,raw_count,poisson,0.3354859925650615,0.006324832255444227,0.0,7311,True
undirected_weighted,hits_authority,raw_count,negbin,0.28114051592242095,0.3936343010613752,0.4750926823276258,7311,False
undirected_weighted,hits_authority,binary,logit,0.010717196755795277,0.002093269540770739,3.0580147037645134e-07,7311,True
undirected_weighted,eigenvector,raw_count,ols,2.789069229017563,0.2834099589238557,7.48783639081092e-23,7311,True
undirected_weighted,eigenvector,village_share,ols,0.0029011130195582854,0.0004170114592605739,3.4780617473755034e-12,7311,True
undirected_weighted,eigenvector,village_pctrank,ols,0.021053595778404308,0.002164345471060208,2.302585938607272e-22,7311,True
undirected_weighted,eigenvector,raw_count,poisson,0.43106879448503455,0.006802200266924233,0.0,7311,True
undirected_weighted,eigenvector,raw_count,negbin,0.3608540836227302,0.283116560330597,0.20245871800549675,7311,False
undirected_weighted,eigenvector,binary,logit,0.01418913149127311,0.0020726497125452947,7.600197863870952e-12,7311,True
undirected_weighted,katz_centrality,raw_count,ols,6.625839983924427,0.5297071338637743,6.708166002561185e-36,7311,True
undirected_weighted,katz_centrality,village_share,ols,0.011111664345129071,0.001164200641542395,1.3682090472703441e-21,7311,True
undirected_weighted,katz_centrality,village_pctrank,ols,0.049343372144780843,0.0037598241635836533,2.4040127067010542e-39,7311,True
undirected_weighted,katz_centrality,raw_count,poisson,1.97833033268511,0.01580575545511176,0.0,7311,True
undirected_weighted,katz_centrality,raw_count,negbin,6.62583998392444,0.1359099519205275,0.0,7311,True
undirected_weighted,katz_centrality,binary,logit,0.06599349760005138,0.0031991370582346063,1.5220418936616362e-94,7311,True
undirected_weighted,katz_prestige_in,raw_count,ols,6.625839983924427,0.5297071338637743,6.708166002561185e-36,7311,True
undirected_weighted,katz_prestige_in,village_share,ols,0.011111664345129071,0.001164200641542395,1.3682090472703441e-21,7311,True
undirected_weighted,katz_prestige_in,village_pctrank,ols,0.049343372144780843,0.0037598241635836533,2.4040127067010542e-39,7311,True
undirected_weighted,katz_prestige_in,raw_count,poisson,1.97833033268511,0.01580575545511176,0.0,7311,True
undirected_weighted,katz_prestige_in,raw_count,negbin,6.62583998392444,0.1359099519205275,0.0,7311,True
undirected_weighted,katz_prestige_in,binary,logit,0.06599349760005138,0.0031991370582346063,1.5220418936616362e-94,7311,True
undirected_weighted,constraint,raw_count,ols,-7.648555675470601,0.458917197510918,2.2955204027591145e-62,3030,True
undirected_weighted,constraint,village_share,ols,-0.019158174900972665,0.0014774113430540438,1.8729041933117137e-38,3030,True
undirected_weighted,constraint,village_pctrank,ols,-0.06618944767195697,0.0038576850815646956,5.494192265514922e-66,3030,True
undirected_weighted,constraint,raw_count,poisson,-34.218602424474284,0.23277076706974603,0.0,3030,True
undirected_weighted,constraint,raw_count,negbin,-22.258060499484014,0.45499756092434185,0.0,3030,True
undirected_weighted,constraint,binary,logit,-0.36789731946619386,0.02260710539505959,1.5213875349975802e-59,3030,True
undirected_weighted,effective_size,raw_count,ols,19.48198226034321,0.0898664564892681,0.0,3030,True
undirected_weighted,effective_size,village_share,ols,0.03758910982331379,0.0011669203049430837,1.189710630095988e-227,3030,True
undirected_weighted,effective_size,village_pctrank,ols,0.14637511802837366,0.0018785568968644657,0.0,3030,True
undirected_weighted,effective_size,raw_count,poisson,7.308631924386922,0.03684167234793425,0.0,3030,True
undirected_weighted,effective_size,raw_count,negbin,62.12753149214775,1.4159508252754731,0.0,3030,True
undirected_weighted,effective_size,binary,logit,0.28994071778279423,0.0021871242367954157,0.0,3030,True
undirected_weighted,clustering,raw_count,ols,-0.7682854587491066,0.08637084069792715,5.831687810461305e-19,7311,True
undirected_weighted,clustering,village_share,ols,-0.0019270634572140766,0.0002357306966196535,2.962303069558836e-16,7311,True
undirected_weighted,clustering,village_pctrank,ols,-0.006286732097876488,0.0006482781132774699,3.0871921544981845e-22,7311,True
undirected_weighted,clustering,raw_count,poisson,-1.2941662058162657,0.03313015905646753,0.0,7311,True
undirected_weighted,clustering,raw_count,negbin,-0.9972999063926362,1.7676521054235925,0.5726216509214306,7311,False
undirected_weighted,clustering,binary,logit,-0.02147985283230434,0.0042675091518469144,4.819904394125873e-07,7311,True
undirected_weighted,triangles,raw_count,ols,9.331433026575965,0.7819738195638409,7.947985767790588e-33,7311,True
undirected_weighted,triangles,village_share,ols,0.010902146701960201,0.0014395395769489976,3.637018613153609e-14,7311,True
undirected_weighted,triangles,village_pctrank,ols,0.06505075261422816,0.005894453107365393,2.563945208925811e-28,7311,True
undirected_weighted,triangles,raw_count,poisson,1.118882754857422,0.009339781278021896,0.0,7311,True
undirected_weighted,triangles,raw_count,negbin,1.1675615600223616e+16,,,7311,False
undirected_weighted,triangles,binary,logit,0.12755491373735267,0.0019277082495129712,0.0,7311,True
undirected_weighted,square_clustering,raw_count,ols,0.6182258428460468,0.09465443477252199,6.515832958232186e-11,7311,True
undirected_weighted,square_clustering,village_share,ols,0.0009658199603841327,0.000200444700074058,1.4472409156129302e-06,7311,True
undirected_weighted,square_clustering,village_pctrank,ols,0.006511846483496323,0.0007988958677951927,3.60754298480592e-16,7311,True
undirected_weighted,square_clustering,raw_count,poisson,0.5129919986691116,0.017903803781057704,1.4843356728640788e-180,7311,True
undirected_weighted,square_clustering,raw_count,negbin,0.4694589808958903,1.3689082609788283,0.7316405311503466,7311,False
undirected_weighted,square_clustering,binary,logit,0.011865302471205664,0.0023552100369355878,4.7067783874024207e-07,7311,True
undirected_weighted,proximity_prestige,raw_count,ols,5.356375796985706,0.28346511506497557,1.2287808389145134e-79,7311,True
undirected_weighted,proximity_prestige,village_share,ols,0.00958490826495375,0.0005896800379291061,2.078184743594832e-59,7311,True
undirected_weighted,proximity_prestige,village_pctrank,ols,0.042056638053045416,0.002042318034189793,3.1974281723052616e-94,7311,True
undirected_weighted,proximity_prestige,raw_count,poisson,7.719794562193436,0.0363799667678715,0.0,7311,True
undirected_weighted,proximity_prestige,raw_count,negbin,6.99198172559576,0.12129363833809839,0.0,7311,True
undirected_weighted,proximity_prestige,binary,logit,0.10614327928844264,0.007752285822957256,1.1355099173777844e-42,7311,True
undirected_binary,in_degree,raw_count,ols,12.141113548498506,0.07857227372010371,0.0,7311,True
undirected_binary,in_degree,village_share,ols,0.02215321984522841,0.0008167454434108324,5.163612483027306e-162,7311,True
undirected_binary,in_degree,village_pctrank,ols,0.09189752661649757,0.001061719380039609,0.0,7311,True
undirected_binary,in_degree,raw_count,poisson,2.5001685423763735,0.010951725703360069,0.0,7311,True
undirected_binary,in_degree,raw_count,negbin,12.159671627784824,0.1644171036546562,0.0,7311,True
undirected_binary,in_degree,binary,logit,0.18228759208951462,0.0010403842265896764,0.0,7311,True
undirected_binary,out_degree,raw_count,ols,12.141113548498506,0.07857227372010371,0.0,7311,True
undirected_binary,out_degree,village_share,ols,0.02215321984522841,0.0008167454434108324,5.163612483027306e-162,7311,True
undirected_binary,out_degree,village_pctrank,ols,0.09189752661649757,0.001061719380039609,0.0,7311,True
undirected_binary,out_degree,raw_count,poisson,2.5001685423763735,0.010951725703360069,0.0,7311,True
undirected_binary,out_degree,raw_count,negbin,12.159671627784824,0.1644171036546562,0.0,7311,True
undirected_binary,out_degree,binary,logit,0.18228759208951462,0.0010403842265896764,0.0,7311,True
undirected_binary,total_degree,raw_count,ols,12.141113548498035,0.07857227372010088,0.0,7311,True
undirected_binary,total_degree,village_share,ols,0.02215321984522755,0.0008167454434108006,5.163612483027306e-162,7311,True
undirected_binary,total_degree,village_pctrank,ols,0.09189752661649453,0.0010617193800395702,0.0,7311,True
undirected_binary,total_degree,raw_count,poisson,2.5001685423762696,0.01095172570335965,0.0,7311,True
undirected_binary,total_degree,raw_count,negbin,12.159671627789937,0.16441710365473147,0.0,7311,True
undirected_binary,total_degree,binary,logit,0.1822875920895079,0.0010403842265896376,0.0,7311,True
undirected_binary,weighted_in_degree,raw_count,ols,12.141113548498506,0.07857227372010371,0.0,7311,True
undirected_binary,weighted_in_degree,village_share,ols,0.02215321984522841,0.0008167454434108324,5.163612483027306e-162,7311,True
undirected_binary,weighted_in_degree,village_pctrank,ols,0.09189752661649757,0.001061719380039609,0.0,7311,True
undirected_binary,weighted_in_degree,raw_count,poisson,2.5001685423763735,0.010951725703360069,0.0,7311,True
undirected_binary,weighted_in_degree,raw_count,negbin,12.159671627784824,0.1644171036546562,0.0,7311,True
undirected_binary,weighted_in_degree,binary,logit,0.18228759208951462,0.0010403842265896764,0.0,7311,True
undirected_binary,weighted_out_degree,raw_count,ols,12.141113548498506,0.07857227372010371,0.0,7311,True
undirected_binary,weighted_out_degree,village_share,ols,0.02215321984522841,0.0008167454434108324,5.163612483027306e-162,7311,True
undirected_binary,weighted_out_degree,village_pctrank,ols,0.09189752661649757,0.001061719380039609,0.0,7311,True
undirected_binary,weighted_out_degree,raw_count,poisson,2.5001685423763735,0.010951725703360069,0.0,7311,True
undirected_binary,weighted_out_degree,raw_count,negbin,12.159671627784824,0.1644171036546562,0.0,7311,True
undirected_binary,weighted_out_degree,binary,logit,0.18228759208951462,0.0010403842265896764,0.0,7311,True
undirected_binary,strength,raw_count,ols,12.141113548498035,0.07857227372010088,0.0,7311,True
undirected_binary,strength,village_share,ols,0.02215321984522755,0.0008167454434108006,5.163612483027306e-162,7311,True
undirected_binary,strength,village_pctrank,ols,0.09189752661649453,0.0010617193800395702,0.0,7311,True
undirected_binary,strength,raw_count,poisson,2.5001685423762696,0.01095172570335965,0.0,7311,True
undirected_binary,strength,raw_count,negbin,12.159671627789937,0.16441710365473147,0.0,7311,True
undirected_binary,strength,binary,logit,0.1822875920895079,0.0010403842265896376,0.0,7311,True
undirected_binary,avg_neighbor_degree,raw_count,ols,-1.1933272606647174,0.11066625859295073,4.136256193847974e-27,7311,True
undirected_binary,avg_neighbor_degree,village_share,ols,-0.002842293087275344,0.0002650378084446525,7.844341695632308e-27,7311,True
undirected_binary,avg_neighbor_degree,village_pctrank,ols,-0.009325747377192656,0.0007887743345797065,2.965831026489555e-32,7311,True
undirected_binary,avg_neighbor_degree,raw_count,poisson,-1.1587889320414775,0.021333342298311957,0.0,7311,True
undirected_binary,avg_neighbor_degree,raw_count,negbin,-0.8729356550883298,,,7311,False
undirected_binary,avg_neighbor_degree,binary,logit,-0.01938684273462622,0.0027615737472241535,2.21526352542115e-12,7311,True
undirected_binary,k_core,raw_count,ols,4.886965126552126,0.3054833198814103,1.3303984995520674e-57,7311,True
undirected_binary,k_core,village_share,ols,0.0066187996082292845,0.00038588176135504257,6.0305964314163e-66,7311,True
undirected_binary,k_core,village_pctrank,ols,0.03926958286486717,0.0022535470263582305,5.268111797622728e-68,7311,True
undirected_binary,k_core,raw_count,poisson,33.55459287621039,0.008455576331688773,0.0,7311,True
undirected_binary,k_core,raw_count,negbin,39.403850947846884,0.931457166465362,0.0,7311,True
undirected_binary,k_core,binary,logit,0.30911179857166005,0.02548300082467526,7.31442604070681e-34,7311,True
undirected_binary,onion_layer,raw_count,ols,5.37794670155125,0.31521060433757714,2.8738455925774974e-65,7311,True
undirected_binary,onion_layer,village_share,ols,0.007573644088599519,0.00043122058647383045,4.708208086635385e-69,7311,True
undirected_binary,onion_layer,village_pctrank,ols,0.04339448402663732,0.002359079252584087,1.449409400728806e-75,7311,True
undirected_binary,onion_layer,raw_count,poisson,35.6984338189588,0.01279439189905617,0.0,7311,True
undirected_binary,onion_layer,raw_count,negbin,42.82989862328434,0.9931390333097866,0.0,7311,True
undirected_binary,onion_layer,binary,logit,0.3049074454685521,0.0226555292960915,2.7475805780386474e-41,7311,True
undirected_binary,harmonic_centrality,raw_count,ols,5.633294443952301,0.2867050959470428,5.9672168923531236e-86,7311,True
undirected_binary,harmonic_centrality,village_share,ols,0.01025943746473712,0.0006152771681370716,2.008944397525749e-62,7311,True
undirected_binary,harmonic_centrality,village_pctrank,ols,0.044861485376187636,0.00210364375164103,6.569220268805205e-101,7311,True
undirected_binary,harmonic_centrality,raw_count,poisson,8.45475966298171,0.04169266637791934,0.0,7311,True
undirected_binary,harmonic_centrality,raw_count,negbin,8.753290480148662,0.1436622716895017,0.0,7311,True
undirected_binary,harmonic_centrality,binary,logit,0.06119341587999018,0.0052758603825148395,4.181129696937473e-31,7311,True
undirected_binary,closeness_centrality,raw_count,ols,5.356375796985712,0.28346511506497585,1.2287808389144426e-79,7311,True
undirected_binary,closeness_centrality,village_share,ols,0.009584908264953758,0.0005896800379291064,2.0781847435947725e-59,7311,True
undirected_binary,closeness_centrality,village_pctrank,ols,0.04205663805304535,0.0020423180341897955,3.197428172309087e-94,7311,True
undirected_binary,closeness_centrality,raw_count,poisson,7.719794562193409,0.03637996676787136,0.0,7311,True
undirected_binary,closeness_centrality,raw_count,negbin,6.991981725594799,0.12129363833807802,0.0,7311,True
undirected_binary,closeness_centrality,binary,logit,0.10614327928844283,0.007752285822957054,1.1355099173717663e-42,7311,True
undirected_binary,betweenness_k500,raw_count,ols,8.916629492408958,1.0361383778955406,7.589490281239422e-18,7311,True
undirected_binary,betweenness_k500,village_share,ols,0.022802270448475017,0.0013875313873019648,1.0975846816163071e-60,7311,True
undirected_binary,betweenness_k500,village_pctrank,ols,0.06911777673846804,0.00796728860376651,4.128449567421314e-18,7311,True
undirected_binary,betweenness_k500,raw_count,poisson,1.4030636690297338,0.006865595055806717,0.0,7311,True
undirected_binary,betweenness_k500,raw_count,negbin,1.0885344552500846e+28,,,7311,False
undirected_binary,betweenness_k500,binary,logit,0.1366254533488362,0.0016389395618062533,0.0,7311,True
undirected_binary,load_centrality,raw_count,ols,9.984942958745798,0.5893136304516591,2.155215017451519e-64,7311,True
undirected_binary,load_centrality,village_share,ols,0.024753439928876454,0.0008343776412734535,2.050324312885712e-193,7311,True
undirected_binary,load_centrality,village_pctrank,ols,0.07676712722868656,0.004544231486546559,5.0391726893039965e-64,7311,True
undirected_binary,load_centrality,raw_count,poisson,1.6085673667933456,0.007225603632152674,0.0,7311,True
undirected_binary,load_centrality,raw_count,negbin,2.5922187299331206e+17,,,7311,False
undirected_binary,load_centrality,binary,logit,0.1518460479473233,0.0014401603238072265,0.0,7311,True
undirected_binary,pagerank,raw_count,ols,10.546487176750365,0.37619566550739225,6.158956763615348e-173,7311,True
undirected_binary,pagerank,village_share,ols,0.025477387267719833,0.00025566607228232866,0.0,7311,True
undirected_binary,pagerank,village_pctrank,ols,0.08349466352631328,0.0030761503732923846,3.09770126521539e-162,7311,True
undirected_binary,pagerank,raw_count,poisson,2.574824521645934,0.01285423569390015,0.0,7311,True
undirected_binary,pagerank,raw_count,negbin,157081682006258.44,,,7311,False
undirected_binary,pagerank,binary,logit,0.16592108468123057,0.0012266977244342848,0.0,7311,True
undirected_binary,pagerank_reverse,raw_count,ols,10.546487176750365,0.37619566550739225,6.158956763615348e-173,7311,True
undirected_binary,pagerank_reverse,village_share,ols,0.025477387267719833,0.00025566607228232866,0.0,7311,True
undirected_binary,pagerank_reverse,village_pctrank,ols,0.08349466352631328,0.0030761503732923846,3.09770126521539e-162,7311,True
undirected_binary,pagerank_reverse,raw_count,poisson,2.574824521645934,0.01285423569390015,0.0,7311,True
undirected_binary,pagerank_reverse,raw_count,negbin,157081682006258.44,,,7311,False
undirected_binary,pagerank_reverse,binary,logit,0.16592108468123057,0.0012266977244342848,0.0,7311,True
undirected_binary,hits_hub,raw_count,ols,4.275150322507123,0.33995950109983464,2.8808387595966147e-36,7311,True
undirected_binary,hits_hub,village_share,ols,0.0019059965771320263,0.00015156464605431687,2.880838759592743e-36,7311,True
undirected_binary,hits_hub,village_pctrank,ols,0.02776406915373752,0.0021287389772814227,7.012339793393824e-39,7311,True
undirected_binary,hits_hub,raw_count,poisson,0.8647838850922009,0.011945307080648277,0.0,7311,True
undirected_binary,hits_hub,raw_count,negbin,0.7365795347333358,0.8427335341705356,0.3820985924232251,7311,False
undirected_binary,hits_hub,binary,logit,0.1462273835844806,0.049510119591658304,0.0031420812451553133,7311,True
undirected_binary,hits_authority,raw_count,ols,4.2751503225071215,0.33995950109983547,2.880838759597891e-36,7311,True
undirected_binary,hits_authority,village_share,ols,0.0019059965771320284,0.00015156464605431706,2.8808387595928648e-36,7311,True
undirected_binary,hits_authority,village_pctrank,ols,0.027764069153737362,0.0021287389772814513,7.012339793416677e-39,7311,True
undirected_binary,hits_authority,raw_count,poisson,0.8647838850922005,0.011945307080648263,0.0,7311,True
undirected_binary,hits_authority,raw_count,negbin,0.7365795347333419,0.8427335341699869,0.382098592422911,7311,False
undirected_binary,hits_authority,binary,logit,0.14622738358447865,0.049510119591654404,0.0031420812451533496,7311,True
undirected_binary,eigenvector,raw_count,ols,4.279000543118877,0.33964084263845434,2.1491410841808097e-36,7311,True
undirected_binary,eigenvector,village_share,ols,0.0019092980849581072,0.0001512886461661919,1.633356506083825e-36,7311,True
undirected_binary,eigenvector,village_pctrank,ols,0.027793028476627204,0.0021264704857793756,4.88476391500974e-39,7311,True
undirected_binary,eigenvector,raw_count,poisson,0.8659493766109175,0.011959408171710349,0.0,7311,True
undirected_binary,eigenvector,raw_count,negbin,0.7376128423814124,0.8417311069969582,0.3808644641276244,7311,False
undirected_binary,eigenvector,binary,logit,0.16913288289671874,0.057286638266458925,0.0031531753212930246,7311,True
undirected_binary,katz_centrality,raw_count,ols,9.470102396986244,0.3948943932288197,4.3528375257639655e-127,7311,True
undirected_binary,katz_centrality,village_share,ols,0.012725265352163236,0.0010757179047866602,2.7458990231165446e-32,7311,True
undirected_binary,katz_centrality,village_pctrank,ols,0.06841396921907832,0.003151901345157648,1.8156275300218852e-104,7311,True
undirected_binary,katz_centrality,raw_count,poisson,4.406137182367845,0.021300529887130288,0.0,7311,True
undirected_binary,katz_centrality,raw_count,negbin,12640.712985628614,,,7311,False
undirected_binary,katz_centrality,binary,logit,0.13533446104278332,0.0021658428301680006,0.0,7311,True
undirected_binary,katz_prestige_in,raw_count,ols,9.470102396986244,0.3948943932288197,4.3528375257639655e-127,7311,True
undirected_binary,katz_prestige_in,village_share,ols,0.012725265352163236,0.0010757179047866602,2.7458990231165446e-32,7311,True
undirected_binary,katz_prestige_in,village_pctrank,ols,0.06841396921907832,0.003151901345157648,1.8156275300218852e-104,7311,True
undirected_binary,katz_prestige_in,raw_count,poisson,4.406137182367845,0.021300529887130288,0.0,7311,True
undirected_binary,katz_prestige_in,raw_count,negbin,12640.712985628614,,,7311,False
undirected_binary,katz_prestige_in,binary,logit,0.13533446104278332,0.0021658428301680006,0.0,7311,True
undirected_binary,constraint,raw_count,ols,-4.856826667390687,0.36360475119442975,1.0719528103932752e-40,3030,True
undirected_binary,constraint,village_share,ols,-0.013203770956565082,0.001299638464412968,3.003912458429336e-24,3030,True
undirected_binary,constraint,village_pctrank,ols,-0.04537900758292276,0.0033822452491453934,4.818928534705314e-41,3030,True
undirected_binary,constraint,raw_count,poisson,-57.54508627559231,0.39378627532456784,0.0,3030,True
undirected_binary,constraint,raw_count,negbin,-57.378545162348054,1.3157935960769112,0.0,3030,True
undirected_binary,constraint,binary,logit,-0.7570521251674839,0.05984494018604861,1.1155093350404368e-36,3030,True
undirected_binary,effective_size,raw_count,ols,18.768828271744074,0.11254989969082864,0.0,3030,True
undirected_binary,effective_size,village_share,ols,0.03688613892636862,0.001054640683061001,5.384702804568897e-268,3030,True
undirected_binary,effective_size,village_pctrank,ols,0.14186597946681154,0.0019337063343937482,0.0,3030,True
undirected_binary,effective_size,raw_count,poisson,7.351149960467743,0.03845652111479181,0.0,3030,True
undirected_binary,effective_size,raw_count,negbin,25.248623864334032,0.42060127025483596,0.0,3030,True
undirected_binary,effective_size,binary,logit,0.2813372014396122,0.0020044968740620113,0.0,3030,True
undirected_binary,clustering,raw_count,ols,-1.0863625047344072,0.11087703750078523,1.149466668309101e-22,7311,True
undirected_binary,clustering,village_share,ols,-0.0025955875330832007,0.00027255331786469944,1.6788064625429734e-21,7311,True
undirected_binary,clustering,village_pctrank,ols,-0.00844691443121832,0.0007967953230027692,2.944659653385227e-26,7311,True
undirected_binary,clustering,raw_count,poisson,-1.1472641541469537,0.023423164206317473,0.0,7311,True
undirected_binary,clustering,raw_count,negbin,-0.8648485106923793,,,7311,False
undirected_binary,clustering,binary,logit,-0.018792235969272198,0.0030163520622972164,4.660773796634186e-10,7311,True
undirected_binary,triangles,raw_count,ols,9.331433026575965,0.7819738195638409,7.947985767790588e-33,7311,True
undirected_binary,triangles,village_share,ols,0.010902146701960201,0.0014395395769489976,3.637018613153609e-14,7311,True
undirected_binary,triangles,village_pctrank,ols,0.06505075261422816,0.005894453107365393,2.563945208925811e-28,7311,True
undirected_binary,triangles,raw_count,poisson,1.118882754857422,0.009339781278021896,0.0,7311,True
undirected_binary,triangles,raw_count,negbin,1.1675615600223616e+16,,,7311,False
undirected_binary,triangles,binary,logit,0.12755491373735267,0.0019277082495129712,0.0,7311,True
undirected_binary,square_clustering,raw_count,ols,0.6182258428460468,0.09465443477252199,6.515832958232186e-11,7311,True
undirected_binary,square_clustering,village_share,ols,0.0009658199603841327,0.000200444700074058,1.4472409156129302e-06,7311,True
undirected_binary,square_clustering,village_pctrank,ols,0.006511846483496323,0.0007988958677951927,3.60754298480592e-16,7311,True
undirected_binary,square_clustering,raw_count,poisson,0.5129919986691116,0.017903803781057704,1.4843356728640788e-180,7311,True
undirected_binary,square_clustering,raw_count,negbin,0.4694589808958903,1.3689082609788283,0.7316405311503466,7311,False
undirected_binary,square_clustering,binary,logit,0.011865302471205664,0.0023552100369355878,4.7067783874024207e-07,7311,True
undirected_binary,proximity_prestige,raw_count,ols,5.356375796985706,0.28346511506497557,1.2287808389145134e-79,7311,True
undirected_binary,proximity_prestige,village_share,ols,0.00958490826495375,0.0005896800379291061,2.078184743594832e-59,7311,True
undirected_binary,proximity_prestige,village_pctrank,ols,0.042056638053045416,0.002042318034189793,3.1974281723052616e-94,7311,True
undirected_binary,proximity_prestige,raw_count,poisson,7.719794562193436,0.0363799667678715,0.0,7311,True
undirected_binary,proximity_prestige,raw_count,negbin,6.99198172559576,0.12129363833809839,0.0,7311,True
undirected_binary,proximity_prestige,binary,logit,0.10614327928844264,0.007752285822957256,1.1355099173777844e-42,7311,True
directed_strong_ties,in_degree,raw_count,ols,10.611684390280043,0.3559836989829661,2.945229833721116e-195,7311,True
directed_strong_ties,in_degree,village_share,ols,0.020708955481665813,0.0010079417074238973,8.394004458967901e-94,7311,True
directed_strong_ties,in_degree,village_pctrank,ols,0.07765626377841478,0.002793857416954316,4.9361476290250824e-170,7311,True
directed_strong_ties,in_degree,raw_count,poisson,1.2908578789453105,0.005388484371549056,0.0,7311,True
directed_strong_ties,in_degree,raw_count,negbin,6484570.365167459,,,7311,False
directed_strong_ties,in_degree,binary,logit,0.15286243496366952,0.0014513462350447066,0.0,7311,True
directed_strong_ties,out_degree,raw_count,ols,0.7320037948899325,0.24129460587516557,0.002416131898877125,7311,True
directed_strong_ties,out_degree,village_share,ols,0.0007107240149818071,0.0003076171353905228,0.02086505078512662,7311,True
directed_strong_ties,out_degree,village_pctrank,ols,0.00429483019150207,0.0017684165009737862,0.015155971057083276,7311,True
directed_strong_ties,out_degree,raw_count,poisson,0.35075826038587976,0.012336380875988241,7.945248457807421e-178,7311,True
directed_strong_ties,out_degree,raw_count,negbin,0.30066926741987304,0.2615124718235647,0.25025425410981617,7311,False
directed_strong_ties,out_degree,binary,logit,0.004394660563304055,0.0017376871629390756,0.011437870074488817,7311,True
directed_strong_ties,total_degree,raw_count,ols,10.088723991965079,0.30642316776853623,9.917784763252676e-238,7311,True
directed_strong_ties,total_degree,village_share,ols,0.019475102278008725,0.0010166475659870648,8.592488135203318e-82,7311,True
directed_strong_ties,total_degree,village_pctrank,ols,0.07351369254549461,0.002292880599291383,1.507302679218451e-225,7311,True
directed_strong_ties,total_degree,raw_count,poisson,1.320090256428716,0.005681263683188933,0.0,7311,True
directed_strong_ties,total_degree,raw_count,negbin,392127.9422192392,,,7311,False
directed_strong_ties,total_degree,binary,logit,0.040408384583307526,0.002225542801238597,1.137739382518653e-73,7311,True
directed_strong_ties,weighted_in_degree,raw_count,ols,10.192939325731341,0.46420347585125477,7.276580078318138e-107,7311,True
directed_strong_ties,weighted_in_degree,village_share,ols,0.02014418194717265,0.0012262039244782883,1.2040207590372586e-60,7311,True
directed_strong_ties,weighted_in_degree,village_pctrank,ols,0.07557606333432154,0.0034231336106292512,5.139530620018887e-108,7311,True
directed_strong_ties,weighted_in_degree,raw_count,poisson,1.2592821412738133,0.0055725953300523705,0.0,7311,True
directed_strong_ties,weighted_in_degree,raw_count,negbin,713930183.5112562,,,7311,False
directed_strong_ties,weighted_in_degree,binary,logit,0.1489078284550391,0.0015075206840048864,0.0,7311,True
directed_strong_ties,weighted_out_degree,raw_count,ols,0.6988485302783514,0.23946545524369117,0.003518678335250794,7311,True
directed_strong_ties,weighted_out_degree,village_share,ols,0.000689195793061389,0.00033064678376714226,0.037124997132355175,7311,True
directed_strong_ties,weighted_out_degree,village_pctrank,ols,0.004232668314536341,0.001802912469438564,0.018890552684953203,7311,True
directed_strong_ties,weighted_out_degree,raw_count,poisson,0.32087496661940906,0.011577715940495347,4.621108568411797e-169,7311,True
directed_strong_ties,weighted_out_degree,raw_count,negbin,0.27150126156550497,0.2793746689644595,0.33114122495232634,7311,False
directed_strong_ties,weighted_out_degree,binary,logit,0.004251727042414845,0.0016648619845682528,0.010655398128438276,7311,True
directed_strong_ties,strength,raw_count,ols,9.565930894833327,0.43179689800583804,9.593610565641868e-109,7311,True
directed_strong_ties,strength,village_share,ols,0.0186880524993023,0.0012271690296636385,2.2846996757213668e-52,7311,True
directed_strong_ties,strength,village_pctrank,ols,0.07062948999395635,0.0030666534795967602,2.2568718952839138e-117,7311,True
directed_strong_ties,strength,raw_count,poisson,1.3050045946092177,0.006103734304878424,0.0,7311,True
directed_strong_ties,strength,raw_count,negbin,77316545.9553963,,,7311,False
directed_strong_ties,strength,binary,logit,0.040683145549904355,0.002135677744860191,6.659883798698719e-81,7311,True
directed_strong_ties,avg_neighbor_degree,raw_count,ols,1.1941430345463768,0.27867042002281467,1.826204019847784e-05,7311,True
directed_strong_ties,avg_neighbor_degree,village_share,ols,0.0015118557727360781,0.0003370838165584495,7.2878583207304945e-06,7311,True
directed_strong_ties,avg_neighbor_degree,village_pctrank,ols,0.008066147194072518,0.0020731182812487796,9.990262561695141e-05,7311,True
directed_strong_ties,avg_neighbor_degree,raw_count,poisson,0.4824713719443105,0.012452528546400894,0.0,7311,True
directed_strong_ties,avg_neighbor_degree,raw_count,negbin,0.40507114927952026,0.26938993322465543,0.13266866358996687,7311,False
directed_strong_ties,avg_neighbor_degree,binary,logit,0.007223002785494432,0.0016877572434917747,1.8719118425686556e-05,7311,True
directed_strong_ties,k_core,raw_count,ols,5.602104674747765,0.3393694064834998,3.245980737300012e-61,7311,True
directed_strong_ties,k_core,village_share,ols,0.009489632940744591,0.0006272154978229265,1.0303817449005884e-51,7311,True
directed_strong_ties,k_core,village_pctrank,ols,0.04220082823332009,0.0024794712806115973,5.827942199126989e-65,7311,True
directed_strong_ties,k_core,raw_count,poisson,3.7626696011391987,0.024623957601202118,0.0,7311,True
directed_strong_ties,k_core,raw_count,negbin,3.764901345547762,,,7311,False
directed_strong_ties,k_core,binary,logit,0.04626291591790427,0.0023668087682464744,4.4148875624347995e-85,7311,True
directed_strong_ties,onion_layer,raw_count,ols,6.02073052077996,0.37196906696239285,6.320452923418867e-59,7311,True
directed_strong_ties,onion_layer,village_share,ols,0.009909548265348707,0.0006642663477031922,2.5157534886121638e-50,7311,True
directed_strong_ties,onion_layer,village_pctrank,ols,0.0443678675226689,0.0026901538529768947,4.1411116797781756e-61,7311,True
directed_strong_ties,onion_layer,raw_count,poisson,3.5274493713500417,0.02280570894615259,0.0,7311,True
directed_strong_ties,onion_layer,raw_count,negbin,3.529420167396465,,,7311,False
directed_strong_ties,onion_layer,binary,logit,0.042742276919096135,0.0021978333240163486,3.0622554774141295e-84,7311,True
directed_strong_ties,harmonic_centrality,raw_count,ols,10.742337903280191,0.28727136781287893,4.8199646623446794e-306,7311,True
directed_strong_ties,harmonic_centrality,village_share,ols,0.019049113342783818,0.0010404786019780077,7.140695444493289e-75,7311,True
directed_strong_ties,harmonic_centrality,village_pctrank,ols,0.07836073523179314,0.0022024878350054627,3.036328999032643e-277,7311,True
directed_strong_ties,harmonic_centrality,raw_count,poisson,1.5803300640865736,0.0071108068009586665,0.0,7311,True
directed_strong_ties,harmonic_centrality,raw_count,negbin,9810.859245230486,,,7311,False
directed_strong_ties,harmonic_centrality,binary,logit,0.1544683652090193,0.0014519605211114602,0.0,7311,True
directed_strong_ties,closeness_centrality,raw_count,ols,10.865785184766935,0.27896308159882544,0.0,7311,True
directed_strong_ties,closeness_centrality,village_share,ols,0.019673100791379013,0.000994727283405031,4.66284814340915e-87,7311,True
directed_strong_ties,closeness_centrality,village_pctrank,ols,0.079484188017987,0.0021675475292554395,2.1887880977720097e-294,7311,True
directed_strong_ties,closeness_centrality,raw_count,poisson,1.5573246700726813,0.0067581844964495034,0.0,7311,True
directed_strong_ties,closeness_centrality,raw_count,negbin,10404.217033857949,,,7311,False
directed_strong_ties,closeness_centrality,binary,logit,0.15670697788686627,0.0014130844271493502,0.0,7311,True
directed_strong_ties,betweenness_k500,raw_count,ols,3.735816542492993,0.5538607742026316,1.529782781589262e-11,7311,True
directed_strong_ties,betweenness_k500,village_share,ols,0.004193091636052939,0.0008024676955089646,1.7392311259232696e-07,7311,True
directed_strong_ties,betweenness_k500,village_pctrank,ols,0.026320508213876114,0.0037001072986642966,1.1318194505766673e-12,7311,True
directed_strong_ties,betweenness_k500,raw_count,poisson,0.30383314469905004,0.003516445188472914,0.0,7311,True
directed_strong_ties,betweenness_k500,raw_count,negbin,1.2667940386824987e+179,,,7311,False
directed_strong_ties,betweenness_k500,binary,logit,0.7792690978401101,158.81676965675035,0.9960850211958114,7311,False
directed_strong_ties,load_centrality,raw_count,ols,4.765167791473765,0.7508797939306799,2.2082350323917072e-10,7311,True
directed_strong_ties,load_centrality,village_share,ols,0.005378580917996374,0.0010984729375882868,9.760013611578046e-07,7311,True
directed_strong_ties,load_centrality,village_pctrank,ols,0.03309727032570403,0.005088250236626076,7.787616475347922e-11,7311,True
directed_strong_ties,load_centrality,raw_count,poisson,0.3365625986787806,0.0033116721986280297,0.0,7311,True
directed_strong_ties,load_centrality,raw_count,negbin,4.765167791473756,0.13423169075001934,0.0,7311,True
directed_strong_ties,load_centrality,binary,logit,6.508620168803404,661.1831990716424,0.9921458323770187,7311,False
directed_strong_ties,pagerank,raw_count,ols,8.286584897499035,0.8391251023179136,5.32905538182491e-23,7311,True
directed_strong_ties,pagerank,village_share,ols,0.017700733883402167,0.0013869345050150617,2.6558348332557656e-37,7311,True
directed_strong_ties,pagerank,village_pctrank,ols,0.06115707511747719,0.006150534533681504,2.69535385954312e-23,7311,True
directed_strong_ties,pagerank,raw_count,poisson,0.9956308676333094,0.005925868777911063,0.0,7311,True
directed_strong_ties,pagerank,raw_count,negbin,1.7636833786351225e+19,,,7311,False
directed_strong_ties,pagerank,binary,logit,0.12086956282273273,0.0018128520152427183,0.0,7311,True
directed_strong_ties,pagerank_reverse,raw_count,ols,0.4060075429994311,0.23096906629499822,0.07877408909800619,7311,False
directed_strong_ties,pagerank_reverse,village_share,ols,0.00043518817965260175,0.00034064586329101353,0.20141222362957745,7311,False
directed_strong_ties,pagerank_reverse,village_pctrank,ols,0.0019868408137386803,0.001606214161112898,0.2160977389360994,7311,False
directed_strong_ties,pagerank_reverse,raw_count,poisson,0.18664396202184183,0.01118595093586621,1.66906712325237e-62,7311,True
directed_strong_ties,pagerank_reverse,raw_count,negbin,0.15537425490674772,0.2454453801585351,0.5267141430535169,7311,False
directed_strong_ties,pagerank_reverse,binary,logit,0.001897489426750764,0.0016806136035233587,0.25887858980499967,7311,False
directed_strong_ties,hits_hub,raw_count,ols,0.4596756742144098,0.24353711556694685,0.05909345473997742,7311,False
directed_strong_ties,hits_hub,village_share,ols,0.0008092881588281912,0.0004287625274065976,0.05909345473997644,7311,False
directed_strong_ties,hits_hub,village_pctrank,ols,0.0032730921103342717,0.0020295017942835824,0.10679743090188897,7311,False
directed_strong_ties,hits_hub,raw_count,poisson,0.2781329560733613,0.012405566439514544,2.5111417386108736e-111,7311,True
directed_strong_ties,hits_hub,raw_count,negbin,0.2312333991489083,0.2482054693720431,0.35153248565756723,7311,False
directed_strong_ties,hits_hub,binary,logit,0.0034008896522423034,0.0015400324549409044,0.02722173974227949,7311,True
directed_strong_ties,hits_authority,raw_count,ols,1.830276515731298,0.1762065044569769,2.83820019741771e-25,7311,True
directed_strong_ties,hits_authority,village_share,ols,0.0032223178093860874,0.0003102227191143957,2.838200197417546e-25,7311,True
directed_strong_ties,hits_authority,village_pctrank,ols,0.015083168516371462,0.0014124907850834837,1.284403242308595e-26,7311,True
directed_strong_ties,hits_authority,raw_count,poisson,0.29499799098407664,0.005558083837788245,0.0,7311,True
directed_strong_ties,hits_authority,raw_count,negbin,0.24680484806999914,0.21222302659547973,0.24484963774368818,7311,False
directed_strong_ties,hits_authority,binary,logit,29.035482057677925,26062.054638620197,0.9991110847407058,7311,False
directed_strong_ties,eigenvector,raw_count,ols,2.3824427989950867,0.3440532347974097,4.371034795275408e-12,7311,True
directed_strong_ties,eigenvector,village_share,ols,0.0019228031852152345,0.00028241881241390567,9.873158224460438e-12,7311,True
directed_strong_ties,eigenvector,village_pctrank,ols,0.01763051646079934,0.0024051158388170854,2.2942742103533987e-13,7311,True
directed_strong_ties,eigenvector,raw_count,poisson,0.2194704863239302,0.004043404382495656,0.0,7311,True
directed_strong_ties,eigenvector,raw_count,negbin,0.222689463473217,0.3090024610060236,0.4711112601367242,7311,False
directed_strong_ties,eigenvector,binary,logit,0.035265447275608236,0.0023119697653815148,0.0,7311,True
directed_strong_ties,katz_centrality,raw_count,ols,6.5385956258224915,1.356909023399212,1.4446562247835336e-06,7311,True
directed_strong_ties,katz_centrality,village_share,ols,0.010590548142075003,0.002749887430453994,0.00011750874703374553,7311,True
directed_strong_ties,katz_centrality,village_pctrank,ols,0.04865402027714186,0.010063574878569514,1.333695735905766e-06,7311,True
directed_strong_ties,katz_centrality,raw_count,poisson,0.9264607326451536,0.011989607429306189,0.0,7311,True
directed_strong_ties,katz_centrality,raw_count,negbin,1.0866400064182577e+21,,,7311,False
directed_strong_ties,katz_centrality,binary,logit,0.09617739597167055,0.0020505954624650577,0.0,7311,True
directed_strong_ties,katz_prestige_in,raw_count,ols,1.1143829033511867,0.3606018979282415,0.0019992667868237433,7311,True
directed_strong_ties,katz_prestige_in,village_share,ols,0.0010192954711790833,0.0003212517622798978,0.0015093136805401758,7311,True
directed_strong_ties,katz_prestige_in,village_pctrank,ols,0.007793889402439756,0.002674955568226672,0.0035722798421122543,7311,True
directed_strong_ties,katz_prestige_in,raw_count,poisson,0.26521135831489623,0.008503560233050222,1.5366095909476265e-213,7311,True
directed_strong_ties,katz_prestige_in,raw_count,negbin,0.2218292909612595,0.2805242787166276,0.4290800770851352,7311,False
directed_strong_ties,katz_prestige_in,binary,logit,0.004764695409689138,0.0013168495028159034,0.00029659773248059924,7311,True
directed_strong_ties,constraint,raw_count,ols,-12.413202434171069,0.6032441005885063,4.3741922222490454e-94,2093,True
directed_strong_ties,constraint,village_share,ols,-0.02794669939446821,0.0016585377731536729,1.0455385759127609e-63,2093,True
directed_strong_ties,constraint,village_pctrank,ols,-0.09414466648452709,0.0047134064243661775,9.308258351210981e-89,2093,True
directed_strong_ties,constraint,raw_count,poisson,-21.65874103451304,0.1607936310049726,0.0,2093,True
directed_strong_ties,constraint,raw_count,negbin,-21.66179127572035,,,2093,False
directed_strong_ties,constraint,binary,logit,-0.21451479125549455,0.01327743756554339,1.0246803943778994e-58,2093,True
directed_strong_ties,effective_size,raw_count,ols,18.048120597759585,0.5999055571444216,7.627906155875742e-199,2093,True
directed_strong_ties,effective_size,village_share,ols,0.03696319033095131,0.0017020237894479295,1.4112357537673015e-104,2093,True
directed_strong_ties,effective_size,village_pctrank,ols,0.1287009561355047,0.004704549761708889,8.988448304033092e-165,2093,True
directed_strong_ties,effective_size,raw_count,poisson,5.8423567763052136,0.0305995155922807,0.0,2093,True
directed_strong_ties,effective_size,raw_count,negbin,6.486742121942838,2.038986485452869,0.0014658731864668135,2093,True
directed_strong_ties,effective_size,binary,logit,0.1716171037184768,0.012595023971212446,2.8136381813344703e-42,2093,True
directed_strong_ties,clustering,raw_count,ols,-0.1037571623171962,0.07757375524788857,0.18104995944176483,7311,False
directed_strong_ties,clustering,village_share,ols,-0.00031466238128805083,0.00012341088859681526,0.010781154487198056,7311,True
directed_strong_ties,clustering,village_pctrank,ols,-0.0010689777987865714,0.0006212181911145472,0.08529134913398047,7311,False
directed_strong_ties,clustering,raw_count,poisson,-0.08363849094681308,0.017620736712212953,2.068701546942058e-06,7311,True
directed_strong_ties,clustering,raw_count,negbin,-0.06950741077844955,0.724540309666922,0.9235736917813216,7311,False
directed_strong_ties,clustering,binary,logit,-0.0018494214861239937,0.002303974703022289,0.4221428854895577,7311,False
directed_strong_ties,triangles,raw_count,ols,5.776787950289305,0.5235940410088771,2.650203393506159e-28,7311,True
directed_strong_ties,triangles,village_share,ols,0.008914233362172501,0.0010662460619629273,6.251103732402286e-17,7311,True
directed_strong_ties,triangles,village_pctrank,ols,0.042467292880045485,0.003499166527522624,6.77394542881969e-34,7311,True
directed_strong_ties,triangles,raw_count,poisson,0.7320992311585196,0.006766564624466249,0.0,7311,True
directed_strong_ties,triangles,raw_count,negbin,,,,7311,False
directed_strong_ties,triangles,binary,logit,0.07296053984403343,0.00537532490874555,5.771855188552294e-42,7311,True
directed_strong_ties,square_clustering,raw_count,ols,1.7712972203002564,0.1749922199846099,4.406356224999341e-24,7311,True
directed_strong_ties,square_clustering,village_share,ols,0.0034345596080964883,0.00037499607523941555,5.241856729182832e-20,7311,True
directed_strong_ties,square_clustering,village_pctrank,ols,0.014720492721614105,0.0016212729460021325,1.0898516674486875e-19,7311,True
directed_strong_ties,square_clustering,raw_count,poisson,1.0251445223294187,0.012765538765899231,0.0,7311,True
directed_strong_ties,square_clustering,raw_count,negbin,1.0125885679130089,0.6475137448445686,0.11786215939552565,7311,False
directed_strong_ties,square_clustering,binary,logit,0.017207142776873227,0.0016742231054356984,8.883292731570207e-25,7311,True
directed_strong_ties,proximity_prestige,raw_count,ols,10.865785184766933,0.27896308159882516,0.0,7311,True
directed_strong_ties,proximity_prestige,village_share,ols,0.019673100791379024,0.0009947272834050314,4.662848143408883e-87,7311,True
directed_strong_ties,proximity_prestige,village_pctrank,ols,0.07948418801798708,0.0021675475292554512,2.188788097784461e-294,7311,True
directed_strong_ties,proximity_prestige,raw_count,poisson,1.557324670072689,0.006758184496449549,0.0,7311,True
directed_strong_ties,proximity_prestige,raw_count,negbin,10404.217033858746,,,7311,False
directed_strong_ties,proximity_prestige,binary,logit,0.15670697788686627,0.0014130844271493506,0.0,7311,True
